category,year,share,country
p0p50,1820,0.12,canada
p0p50,1821,,canada
p0p50,1822,,canada
p0p50,1823,,canada
p0p50,1824,,canada
p0p50,1825,,canada
p0p50,1826,,canada
p0p50,1827,,canada
p0p50,1828,,canada
p0p50,1829,,canada
p0p50,1830,,canada
p0p50,1831,,canada
p0p50,1832,,canada
p0p50,1833,,canada
p0p50,1834,,canada
p0p50,1835,,canada
p0p50,1836,,canada
p0p50,1837,,canada
p0p50,1838,,canada
p0p50,1839,,canada
p0p50,1840,,canada
p0p50,1841,,canada
p0p50,1842,,canada
p0p50,1843,,canada
p0p50,1844,,canada
p0p50,1845,,canada
p0p50,1846,,canada
p0p50,1847,,canada
p0p50,1848,,canada
p0p50,1849,,canada
p0p50,1850,0.1289,canada
p0p50,1851,,canada
p0p50,1852,,canada
p0p50,1853,,canada
p0p50,1854,,canada
p0p50,1855,,canada
p0p50,1856,,canada
p0p50,1857,,canada
p0p50,1858,,canada
p0p50,1859,,canada
p0p50,1860,,canada
p0p50,1861,,canada
p0p50,1862,,canada
p0p50,1863,,canada
p0p50,1864,,canada
p0p50,1865,,canada
p0p50,1866,,canada
p0p50,1867,,canada
p0p50,1868,,canada
p0p50,1869,,canada
p0p50,1870,,canada
p0p50,1871,,canada
p0p50,1872,,canada
p0p50,1873,,canada
p0p50,1874,,canada
p0p50,1875,,canada
p0p50,1876,,canada
p0p50,1877,,canada
p0p50,1878,,canada
p0p50,1879,,canada
p0p50,1880,0.1262,canada
p0p50,1881,,canada
p0p50,1882,,canada
p0p50,1883,,canada
p0p50,1884,,canada
p0p50,1885,,canada
p0p50,1886,,canada
p0p50,1887,,canada
p0p50,1888,,canada
p0p50,1889,,canada
p0p50,1890,,canada
p0p50,1891,,canada
p0p50,1892,,canada
p0p50,1893,,canada
p0p50,1894,,canada
p0p50,1895,,canada
p0p50,1896,,canada
p0p50,1897,,canada
p0p50,1898,,canada
p0p50,1899,,canada
p0p50,1900,0.1241,canada
p0p50,1901,,canada
p0p50,1902,,canada
p0p50,1903,,canada
p0p50,1904,,canada
p0p50,1905,,canada
p0p50,1906,,canada
p0p50,1907,,canada
p0p50,1908,,canada
p0p50,1909,,canada
p0p50,1910,0.12,canada
p0p50,1911,,canada
p0p50,1912,,canada
p0p50,1913,,canada
p0p50,1914,,canada
p0p50,1915,,canada
p0p50,1916,,canada
p0p50,1917,,canada
p0p50,1918,,canada
p0p50,1919,,canada
p0p50,1920,0.1985,canada
p0p50,1921,0.1634,canada
p0p50,1922,0.1911,canada
p0p50,1923,0.2081,canada
p0p50,1924,0.2061,canada
p0p50,1925,0.2094,canada
p0p50,1926,0.208,canada
p0p50,1927,0.2063,canada
p0p50,1928,0.2037,canada
p0p50,1929,0.2024,canada
p0p50,1930,0.1981,canada
p0p50,1931,0.1842,canada
p0p50,1932,0.1689,canada
p0p50,1933,0.1623,canada
p0p50,1934,0.1623,canada
p0p50,1935,0.1751,canada
p0p50,1936,0.1751,canada
p0p50,1937,0.1855,canada
p0p50,1938,0.1685,canada
p0p50,1939,0.1792,canada
p0p50,1940,0.1929,canada
p0p50,1941,0.2052,canada
p0p50,1942,0.2203,canada
p0p50,1943,0.2214,canada
p0p50,1944,0.2257,canada
p0p50,1945,0.2259,canada
p0p50,1946,0.2246,canada
p0p50,1947,0.224,canada
p0p50,1948,0.2276,canada
p0p50,1949,0.2239,canada
p0p50,1950,0.2239,canada
p0p50,1951,0.2287,canada
p0p50,1952,0.2288,canada
p0p50,1953,0.2261,canada
p0p50,1954,0.223,canada
p0p50,1955,0.224,canada
p0p50,1956,0.2265,canada
p0p50,1957,0.2247,canada
p0p50,1958,0.2236,canada
p0p50,1959,0.2235,canada
p0p50,1960,0.2223,canada
p0p50,1961,0.2208,canada
p0p50,1962,0.2245,canada
p0p50,1963,0.2255,canada
p0p50,1964,0.2246,canada
p0p50,1965,0.2265,canada
p0p50,1966,0.2279,canada
p0p50,1967,0.2267,canada
p0p50,1968,0.2261,canada
p0p50,1969,0.2259,canada
p0p50,1970,0.2245,canada
p0p50,1971,0.2249,canada
p0p50,1972,0.2251,canada
p0p50,1973,0.2254,canada
p0p50,1974,0.2246,canada
p0p50,1975,0.2207,canada
p0p50,1976,0.2229,canada
p0p50,1977,0.2247,canada
p0p50,1978,0.2238,canada
p0p50,1979,0.223,canada
p0p50,1980,0.2197,canada
p0p50,1981,0.2239,canada
p0p50,1982,0.2245,canada
p0p50,1983,0.2214,canada
p0p50,1984,0.2217,canada
p0p50,1985,0.2196,canada
p0p50,1986,0.2111,canada
p0p50,1987,0.2107,canada
p0p50,1988,0.2093,canada
p0p50,1989,0.2036,canada
p0p50,1990,0.1986,canada
p0p50,1991,0.1919,canada
p0p50,1992,0.1899,canada
p0p50,1993,0.1833,canada
p0p50,1994,0.1821,canada
p0p50,1995,0.1771,canada
p0p50,1996,0.1752,canada
p0p50,1997,0.1729,canada
p0p50,1998,0.1721,canada
p0p50,1999,0.1738,canada
p0p50,2000,0.1702,canada
p0p50,2001,0.1737,canada
p0p50,2002,0.1724,canada
p0p50,2003,0.1713,canada
p0p50,2004,0.1701,canada
p0p50,2005,0.1695,canada
p0p50,2006,0.1675,canada
p0p50,2007,0.1675,canada
p0p50,2008,0.1703,canada
p0p50,2009,0.1723,canada
p0p50,2010,0.1705,canada
p0p50,2011,0.1707,canada
p0p50,2012,0.1721,canada
p0p50,2013,0.1716,canada
p0p50,2014,0.1735,canada
p0p50,2015,0.1734,canada
p0p50,2016,0.178,canada
p0p50,2017,0.1762,canada
p0p50,2018,0.1785,canada
p0p50,2019,0.1791,canada
p0p50,2020,0.1691,canada
p0p50,2021,0.1743,canada
p0p50,2022,0.1743,canada
p0p50,2023,0.1743,canada
p99p100,1820,0.175,canada
p99p100,1821,,canada
p99p100,1822,,canada
p99p100,1823,,canada
p99p100,1824,,canada
p99p100,1825,,canada
p99p100,1826,,canada
p99p100,1827,,canada
p99p100,1828,,canada
p99p100,1829,,canada
p99p100,1830,,canada
p99p100,1831,,canada
p99p100,1832,,canada
p99p100,1833,,canada
p99p100,1834,,canada
p99p100,1835,,canada
p99p100,1836,,canada
p99p100,1837,,canada
p99p100,1838,,canada
p99p100,1839,,canada
p99p100,1840,,canada
p99p100,1841,,canada
p99p100,1842,,canada
p99p100,1843,,canada
p99p100,1844,,canada
p99p100,1845,,canada
p99p100,1846,,canada
p99p100,1847,,canada
p99p100,1848,,canada
p99p100,1849,,canada
p99p100,1850,0.117,canada
p99p100,1851,,canada
p99p100,1852,,canada
p99p100,1853,,canada
p99p100,1854,,canada
p99p100,1855,,canada
p99p100,1856,,canada
p99p100,1857,,canada
p99p100,1858,,canada
p99p100,1859,,canada
p99p100,1860,,canada
p99p100,1861,,canada
p99p100,1862,,canada
p99p100,1863,,canada
p99p100,1864,,canada
p99p100,1865,,canada
p99p100,1866,,canada
p99p100,1867,,canada
p99p100,1868,,canada
p99p100,1869,,canada
p99p100,1870,,canada
p99p100,1871,,canada
p99p100,1872,,canada
p99p100,1873,,canada
p99p100,1874,,canada
p99p100,1875,,canada
p99p100,1876,,canada
p99p100,1877,,canada
p99p100,1878,,canada
p99p100,1879,,canada
p99p100,1880,0.12,canada
p99p100,1881,,canada
p99p100,1882,,canada
p99p100,1883,,canada
p99p100,1884,,canada
p99p100,1885,,canada
p99p100,1886,,canada
p99p100,1887,,canada
p99p100,1888,,canada
p99p100,1889,,canada
p99p100,1890,,canada
p99p100,1891,,canada
p99p100,1892,,canada
p99p100,1893,,canada
p99p100,1894,,canada
p99p100,1895,,canada
p99p100,1896,,canada
p99p100,1897,,canada
p99p100,1898,,canada
p99p100,1899,,canada
p99p100,1900,0.12,canada
p99p100,1901,,canada
p99p100,1902,,canada
p99p100,1903,,canada
p99p100,1904,,canada
p99p100,1905,,canada
p99p100,1906,,canada
p99p100,1907,,canada
p99p100,1908,,canada
p99p100,1909,,canada
p99p100,1910,0.122,canada
p99p100,1911,,canada
p99p100,1912,,canada
p99p100,1913,,canada
p99p100,1914,,canada
p99p100,1915,,canada
p99p100,1916,,canada
p99p100,1917,,canada
p99p100,1918,,canada
p99p100,1919,,canada
p99p100,1920,0.1041,canada
p99p100,1921,0.1375,canada
p99p100,1922,0.1131,canada
p99p100,1923,0.1043,canada
p99p100,1924,0.1054,canada
p99p100,1925,0.0953,canada
p99p100,1926,0.1011,canada
p99p100,1927,0.106,canada
p99p100,1928,0.1112,canada
p99p100,1929,0.1138,canada
p99p100,1930,0.1178,canada
p99p100,1931,0.1252,canada
p99p100,1932,0.1364,canada
p99p100,1933,0.1411,canada
p99p100,1934,0.1411,canada
p99p100,1935,0.1299,canada
p99p100,1936,0.1299,canada
p99p100,1937,0.1224,canada
p99p100,1938,0.1427,canada
p99p100,1939,0.1284,canada
p99p100,1940,0.11,canada
p99p100,1941,0.0972,canada
p99p100,1942,0.081,canada
p99p100,1943,0.0769,canada
p99p100,1944,0.0715,canada
p99p100,1945,0.0727,canada
p99p100,1946,0.0771,canada
p99p100,1947,0.0791,canada
p99p100,1948,0.0745,canada
p99p100,1949,0.0773,canada
p99p100,1950,0.0785,canada
p99p100,1951,0.0717,canada
p99p100,1952,0.0706,canada
p99p100,1953,0.0711,canada
p99p100,1954,0.0749,canada
p99p100,1955,0.0734,canada
p99p100,1956,0.0693,canada
p99p100,1957,0.0699,canada
p99p100,1958,0.0716,canada
p99p100,1959,0.0707,canada
p99p100,1960,0.0715,canada
p99p100,1961,0.0727,canada
p99p100,1962,0.0687,canada
p99p100,1963,0.0669,canada
p99p100,1964,0.0687,canada
p99p100,1965,0.0671,canada
p99p100,1966,0.0648,canada
p99p100,1967,0.0658,canada
p99p100,1968,0.066,canada
p99p100,1969,0.066,canada
p99p100,1970,0.0662,canada
p99p100,1971,0.0649,canada
p99p100,1972,0.0646,canada
p99p100,1973,0.0667,canada
p99p100,1974,0.0668,canada
p99p100,1975,0.0742,canada
p99p100,1976,0.0684,canada
p99p100,1977,0.0653,canada
p99p100,1978,0.067,canada
p99p100,1979,0.0716,canada
p99p100,1980,0.076,canada
p99p100,1981,0.0708,canada
p99p100,1982,0.0701,canada
p99p100,1983,0.0739,canada
p99p100,1984,0.0773,canada
p99p100,1985,0.0766,canada
p99p100,1986,0.0781,canada
p99p100,1987,0.0806,canada
p99p100,1988,0.0887,canada
p99p100,1989,0.0948,canada
p99p100,1990,0.0927,canada
p99p100,1991,0.0915,canada
p99p100,1992,0.0919,canada
p99p100,1993,0.0957,canada
p99p100,1994,0.0961,canada
p99p100,1995,0.0988,canada
p99p100,1996,0.1039,canada
p99p100,1997,0.1113,canada
p99p100,1998,0.1127,canada
p99p100,1999,0.1183,canada
p99p100,2000,0.1269,canada
p99p100,2001,0.1271,canada
p99p100,2002,0.1279,canada
p99p100,2003,0.1306,canada
p99p100,2004,0.1359,canada
p99p100,2005,0.1402,canada
p99p100,2006,0.1421,canada
p99p100,2007,0.1421,canada
p99p100,2008,0.1347,canada
p99p100,2009,0.1186,canada
p99p100,2010,0.1235,canada
p99p100,2011,0.1228,canada
p99p100,2012,0.1162,canada
p99p100,2013,0.1161,canada
p99p100,2014,0.1144,canada
p99p100,2015,0.1149,canada
p99p100,2016,0.099,canada
p99p100,2017,0.1053,canada
p99p100,2018,0.1053,canada
p99p100,2019,0.1039,canada
p99p100,2020,0.1059,canada
p99p100,2021,0.1162,canada
p99p100,2022,0.1162,canada
p99p100,2023,0.1162,canada
p0p50,1820,0.187,china
p0p50,1821,,china
p0p50,1822,,china
p0p50,1823,,china
p0p50,1824,,china
p0p50,1825,,china
p0p50,1826,,china
p0p50,1827,,china
p0p50,1828,,china
p0p50,1829,,china
p0p50,1830,,china
p0p50,1831,,china
p0p50,1832,,china
p0p50,1833,,china
p0p50,1834,,china
p0p50,1835,,china
p0p50,1836,,china
p0p50,1837,,china
p0p50,1838,,china
p0p50,1839,,china
p0p50,1840,,china
p0p50,1841,,china
p0p50,1842,,china
p0p50,1843,,china
p0p50,1844,,china
p0p50,1845,,china
p0p50,1846,,china
p0p50,1847,,china
p0p50,1848,,china
p0p50,1849,,china
p0p50,1850,0.1827,china
p0p50,1851,,china
p0p50,1852,,china
p0p50,1853,,china
p0p50,1854,,china
p0p50,1855,,china
p0p50,1856,,china
p0p50,1857,,china
p0p50,1858,,china
p0p50,1859,,china
p0p50,1860,,china
p0p50,1861,,china
p0p50,1862,,china
p0p50,1863,,china
p0p50,1864,,china
p0p50,1865,,china
p0p50,1866,,china
p0p50,1867,,china
p0p50,1868,,china
p0p50,1869,,china
p0p50,1870,,china
p0p50,1871,,china
p0p50,1872,,china
p0p50,1873,,china
p0p50,1874,,china
p0p50,1875,,china
p0p50,1876,,china
p0p50,1877,,china
p0p50,1878,,china
p0p50,1879,,china
p0p50,1880,0.1731,china
p0p50,1881,,china
p0p50,1882,,china
p0p50,1883,,china
p0p50,1884,,china
p0p50,1885,,china
p0p50,1886,,china
p0p50,1887,,china
p0p50,1888,,china
p0p50,1889,,china
p0p50,1890,,china
p0p50,1891,,china
p0p50,1892,,china
p0p50,1893,,china
p0p50,1894,,china
p0p50,1895,,china
p0p50,1896,,china
p0p50,1897,,china
p0p50,1898,,china
p0p50,1899,,china
p0p50,1900,0.1721,china
p0p50,1901,,china
p0p50,1902,,china
p0p50,1903,,china
p0p50,1904,,china
p0p50,1905,,china
p0p50,1906,,china
p0p50,1907,,china
p0p50,1908,,china
p0p50,1909,,china
p0p50,1910,0.1349,china
p0p50,1911,,china
p0p50,1912,,china
p0p50,1913,,china
p0p50,1914,,china
p0p50,1915,,china
p0p50,1916,,china
p0p50,1917,,china
p0p50,1918,,china
p0p50,1919,,china
p0p50,1920,0.1558,china
p0p50,1921,,china
p0p50,1922,,china
p0p50,1923,,china
p0p50,1924,,china
p0p50,1925,,china
p0p50,1926,,china
p0p50,1927,,china
p0p50,1928,,china
p0p50,1929,,china
p0p50,1930,0.1637,china
p0p50,1931,,china
p0p50,1932,,china
p0p50,1933,,china
p0p50,1934,,china
p0p50,1935,,china
p0p50,1936,,china
p0p50,1937,,china
p0p50,1938,,china
p0p50,1939,,china
p0p50,1940,0.1791,china
p0p50,1941,,china
p0p50,1942,,china
p0p50,1943,,china
p0p50,1944,,china
p0p50,1945,,china
p0p50,1946,,china
p0p50,1947,,china
p0p50,1948,,china
p0p50,1949,,china
p0p50,1950,0.254,china
p0p50,1951,,china
p0p50,1952,,china
p0p50,1953,,china
p0p50,1954,,china
p0p50,1955,,china
p0p50,1956,,china
p0p50,1957,,china
p0p50,1958,,china
p0p50,1959,,china
p0p50,1960,0.254,china
p0p50,1961,,china
p0p50,1962,,china
p0p50,1963,,china
p0p50,1964,,china
p0p50,1965,,china
p0p50,1966,,china
p0p50,1967,,china
p0p50,1968,,china
p0p50,1969,,china
p0p50,1970,0.254,china
p0p50,1971,,china
p0p50,1972,,china
p0p50,1973,,china
p0p50,1974,,china
p0p50,1975,,china
p0p50,1976,,china
p0p50,1977,,china
p0p50,1978,0.2517,china
p0p50,1979,0.251,china
p0p50,1980,0.2498,china
p0p50,1981,0.2471,china
p0p50,1982,0.2419,china
p0p50,1983,0.2445,china
p0p50,1984,0.2418,china
p0p50,1985,0.2384,china
p0p50,1986,0.2252,china
p0p50,1987,0.2207,china
p0p50,1988,0.2188,china
p0p50,1989,0.2126,china
p0p50,1990,0.2146,china
p0p50,1991,0.2027,china
p0p50,1992,0.1939,china
p0p50,1993,0.1849,china
p0p50,1994,0.1811,china
p0p50,1995,0.1849,china
p0p50,1996,0.1906,china
p0p50,1997,0.1909,china
p0p50,1998,0.1915,china
p0p50,1999,0.185,china
p0p50,2000,0.1737,china
p0p50,2001,0.1681,china
p0p50,2002,0.1557,china
p0p50,2003,0.1515,china
p0p50,2004,0.1515,china
p0p50,2005,0.1442,china
p0p50,2006,0.1441,china
p0p50,2007,0.1425,china
p0p50,2008,0.1421,china
p0p50,2009,0.1414,china
p0p50,2010,0.1383,china
p0p50,2011,0.1409,china
p0p50,2012,0.1454,china
p0p50,2013,0.1403,china
p0p50,2014,0.1438,china
p0p50,2015,0.1436,china
p0p50,2016,0.1411,china
p0p50,2017,0.1386,china
p0p50,2018,0.1393,china
p0p50,2019,0.1398,china
p0p50,2020,0.1377,china
p0p50,2021,0.1374,china
p0p50,2022,0.1351,china
p0p50,2023,0.1351,china
p99p100,1820,0.16,china
p99p100,1821,,china
p99p100,1822,,china
p99p100,1823,,china
p99p100,1824,,china
p99p100,1825,,china
p99p100,1826,,china
p99p100,1827,,china
p99p100,1828,,china
p99p100,1829,,china
p99p100,1830,,china
p99p100,1831,,china
p99p100,1832,,china
p99p100,1833,,china
p99p100,1834,,china
p99p100,1835,,china
p99p100,1836,,china
p99p100,1837,,china
p99p100,1838,,china
p99p100,1839,,china
p99p100,1840,,china
p99p100,1841,,china
p99p100,1842,,china
p99p100,1843,,china
p99p100,1844,,china
p99p100,1845,,china
p99p100,1846,,china
p99p100,1847,,china
p99p100,1848,,china
p99p100,1849,,china
p99p100,1850,0.1718,china
p99p100,1851,,china
p99p100,1852,,china
p99p100,1853,,china
p99p100,1854,,china
p99p100,1855,,china
p99p100,1856,,china
p99p100,1857,,china
p99p100,1858,,china
p99p100,1859,,china
p99p100,1860,,china
p99p100,1861,,china
p99p100,1862,,china
p99p100,1863,,china
p99p100,1864,,china
p99p100,1865,,china
p99p100,1866,,china
p99p100,1867,,china
p99p100,1868,,china
p99p100,1869,,china
p99p100,1870,,china
p99p100,1871,,china
p99p100,1872,,china
p99p100,1873,,china
p99p100,1874,,china
p99p100,1875,,china
p99p100,1876,,china
p99p100,1877,,china
p99p100,1878,,china
p99p100,1879,,china
p99p100,1880,0.1719,china
p99p100,1881,,china
p99p100,1882,,china
p99p100,1883,,china
p99p100,1884,,china
p99p100,1885,,china
p99p100,1886,,china
p99p100,1887,,china
p99p100,1888,,china
p99p100,1889,,china
p99p100,1890,,china
p99p100,1891,,china
p99p100,1892,,china
p99p100,1893,,china
p99p100,1894,,china
p99p100,1895,,china
p99p100,1896,,china
p99p100,1897,,china
p99p100,1898,,china
p99p100,1899,,china
p99p100,1900,0.1739,china
p99p100,1901,,china
p99p100,1902,,china
p99p100,1903,,china
p99p100,1904,,china
p99p100,1905,,china
p99p100,1906,,china
p99p100,1907,,china
p99p100,1908,,china
p99p100,1909,,china
p99p100,1910,0.2417,china
p99p100,1911,,china
p99p100,1912,,china
p99p100,1913,,china
p99p100,1914,,china
p99p100,1915,,china
p99p100,1916,,china
p99p100,1917,,china
p99p100,1918,,china
p99p100,1919,,china
p99p100,1920,0.2178,china
p99p100,1921,,china
p99p100,1922,,china
p99p100,1923,,china
p99p100,1924,,china
p99p100,1925,,china
p99p100,1926,,china
p99p100,1927,,china
p99p100,1928,,china
p99p100,1929,,china
p99p100,1930,0.1984,china
p99p100,1931,,china
p99p100,1932,,china
p99p100,1933,,china
p99p100,1934,,china
p99p100,1935,,china
p99p100,1936,,china
p99p100,1937,,china
p99p100,1938,,china
p99p100,1939,,china
p99p100,1940,0.1817,china
p99p100,1941,,china
p99p100,1942,,china
p99p100,1943,,china
p99p100,1944,,china
p99p100,1945,,china
p99p100,1946,,china
p99p100,1947,,china
p99p100,1948,,china
p99p100,1949,,china
p99p100,1950,0.05,china
p99p100,1951,,china
p99p100,1952,,china
p99p100,1953,,china
p99p100,1954,,china
p99p100,1955,,china
p99p100,1956,,china
p99p100,1957,,china
p99p100,1958,,china
p99p100,1959,,china
p99p100,1960,0.05,china
p99p100,1961,,china
p99p100,1962,,china
p99p100,1963,,china
p99p100,1964,,china
p99p100,1965,,china
p99p100,1966,,china
p99p100,1967,,china
p99p100,1968,,china
p99p100,1969,,china
p99p100,1970,0.05,china
p99p100,1971,,china
p99p100,1972,,china
p99p100,1973,,china
p99p100,1974,,china
p99p100,1975,,china
p99p100,1976,,china
p99p100,1977,,china
p99p100,1978,0.065,china
p99p100,1979,0.0652,china
p99p100,1980,0.0657,china
p99p100,1981,0.0686,china
p99p100,1982,0.0709,china
p99p100,1983,0.0727,china
p99p100,1984,0.0761,china
p99p100,1985,0.0817,china
p99p100,1986,0.0811,china
p99p100,1987,0.08,china
p99p100,1988,0.0813,china
p99p100,1989,0.0833,china
p99p100,1990,0.0821,china
p99p100,1991,0.0842,china
p99p100,1992,0.0885,china
p99p100,1993,0.0929,china
p99p100,1994,0.0954,china
p99p100,1995,0.0938,china
p99p100,1996,0.0965,china
p99p100,1997,0.0965,china
p99p100,1998,0.0994,china
p99p100,1999,0.1002,china
p99p100,2000,0.1046,china
p99p100,2001,0.1096,china
p99p100,2002,0.1265,china
p99p100,2003,0.1323,china
p99p100,2004,0.1393,china
p99p100,2005,0.143,china
p99p100,2006,0.1487,china
p99p100,2007,0.1538,china
p99p100,2008,0.1529,china
p99p100,2009,0.1552,china
p99p100,2010,0.152,china
p99p100,2011,0.1467,china
p99p100,2012,0.1383,china
p99p100,2013,0.1389,china
p99p100,2014,0.1374,china
p99p100,2015,0.14,china
p99p100,2016,0.1405,china
p99p100,2017,0.1516,china
p99p100,2018,0.1485,china
p99p100,2019,0.1466,china
p99p100,2020,0.1556,china
p99p100,2021,0.1572,china
p99p100,2022,0.1576,china
p99p100,2023,0.1576,china
p0p50,1820,0.1815,germany
p0p50,1821,,germany
p0p50,1822,,germany
p0p50,1823,,germany
p0p50,1824,,germany
p0p50,1825,,germany
p0p50,1826,,germany
p0p50,1827,,germany
p0p50,1828,,germany
p0p50,1829,,germany
p0p50,1830,,germany
p0p50,1831,,germany
p0p50,1832,,germany
p0p50,1833,,germany
p0p50,1834,,germany
p0p50,1835,,germany
p0p50,1836,,germany
p0p50,1837,,germany
p0p50,1838,,germany
p0p50,1839,,germany
p0p50,1840,,germany
p0p50,1841,,germany
p0p50,1842,,germany
p0p50,1843,,germany
p0p50,1844,,germany
p0p50,1845,,germany
p0p50,1846,,germany
p0p50,1847,,germany
p0p50,1848,,germany
p0p50,1849,,germany
p0p50,1850,0.178,germany
p0p50,1851,,germany
p0p50,1852,,germany
p0p50,1853,,germany
p0p50,1854,,germany
p0p50,1855,,germany
p0p50,1856,,germany
p0p50,1857,,germany
p0p50,1858,,germany
p0p50,1859,,germany
p0p50,1860,,germany
p0p50,1861,,germany
p0p50,1862,,germany
p0p50,1863,,germany
p0p50,1864,,germany
p0p50,1865,,germany
p0p50,1866,,germany
p0p50,1867,,germany
p0p50,1868,,germany
p0p50,1869,,germany
p0p50,1870,,germany
p0p50,1871,,germany
p0p50,1872,,germany
p0p50,1873,,germany
p0p50,1874,,germany
p0p50,1875,,germany
p0p50,1876,,germany
p0p50,1877,,germany
p0p50,1878,,germany
p0p50,1879,,germany
p0p50,1880,0.1836,germany
p0p50,1881,,germany
p0p50,1882,,germany
p0p50,1883,,germany
p0p50,1884,,germany
p0p50,1885,,germany
p0p50,1886,,germany
p0p50,1887,,germany
p0p50,1888,,germany
p0p50,1889,,germany
p0p50,1890,,germany
p0p50,1891,,germany
p0p50,1892,,germany
p0p50,1893,,germany
p0p50,1894,,germany
p0p50,1895,,germany
p0p50,1896,,germany
p0p50,1897,,germany
p0p50,1898,,germany
p0p50,1899,,germany
p0p50,1900,0.1678,germany
p0p50,1901,,germany
p0p50,1902,,germany
p0p50,1903,,germany
p0p50,1904,,germany
p0p50,1905,,germany
p0p50,1906,,germany
p0p50,1907,,germany
p0p50,1908,,germany
p0p50,1909,,germany
p0p50,1910,0.1759,germany
p0p50,1911,,germany
p0p50,1912,,germany
p0p50,1913,,germany
p0p50,1914,,germany
p0p50,1915,,germany
p0p50,1916,,germany
p0p50,1917,,germany
p0p50,1918,,germany
p0p50,1919,,germany
p0p50,1920,0.1724,germany
p0p50,1921,,germany
p0p50,1922,,germany
p0p50,1923,,germany
p0p50,1924,,germany
p0p50,1925,,germany
p0p50,1926,,germany
p0p50,1927,,germany
p0p50,1928,,germany
p0p50,1929,,germany
p0p50,1930,0.2229,germany
p0p50,1931,,germany
p0p50,1932,,germany
p0p50,1933,,germany
p0p50,1934,,germany
p0p50,1935,,germany
p0p50,1936,,germany
p0p50,1937,,germany
p0p50,1938,,germany
p0p50,1939,,germany
p0p50,1940,0.1917,germany
p0p50,1941,,germany
p0p50,1942,,germany
p0p50,1943,,germany
p0p50,1944,,germany
p0p50,1945,,germany
p0p50,1946,,germany
p0p50,1947,,germany
p0p50,1948,,germany
p0p50,1949,,germany
p0p50,1950,0.2205,germany
p0p50,1951,,germany
p0p50,1952,,germany
p0p50,1953,,germany
p0p50,1954,,germany
p0p50,1955,,germany
p0p50,1956,,germany
p0p50,1957,,germany
p0p50,1958,,germany
p0p50,1959,,germany
p0p50,1960,0.2289,germany
p0p50,1961,,germany
p0p50,1962,,germany
p0p50,1963,,germany
p0p50,1964,,germany
p0p50,1965,,germany
p0p50,1966,,germany
p0p50,1967,,germany
p0p50,1968,,germany
p0p50,1969,,germany
p0p50,1970,0.2409,germany
p0p50,1971,,germany
p0p50,1972,,germany
p0p50,1973,,germany
p0p50,1974,,germany
p0p50,1975,,germany
p0p50,1976,,germany
p0p50,1977,,germany
p0p50,1978,,germany
p0p50,1979,,germany
p0p50,1980,0.2347,germany
p0p50,1981,0.2353,germany
p0p50,1982,0.2393,germany
p0p50,1983,0.2357,germany
p0p50,1984,0.2384,germany
p0p50,1985,0.238,germany
p0p50,1986,0.2356,germany
p0p50,1987,0.2316,germany
p0p50,1988,0.2255,germany
p0p50,1989,0.2215,germany
p0p50,1990,0.2186,germany
p0p50,1991,0.2236,germany
p0p50,1992,0.2265,germany
p0p50,1993,0.2293,germany
p0p50,1994,0.2325,germany
p0p50,1995,0.2332,germany
p0p50,1996,0.228,germany
p0p50,1997,0.2231,germany
p0p50,1998,0.2177,germany
p0p50,1999,0.2209,germany
p0p50,2000,0.2178,germany
p0p50,2001,0.2172,germany
p0p50,2002,0.2139,germany
p0p50,2003,0.2187,germany
p0p50,2004,0.2122,germany
p0p50,2005,0.2017,germany
p0p50,2006,0.2004,germany
p0p50,2007,0.196,germany
p0p50,2008,0.1948,germany
p0p50,2009,0.195,germany
p0p50,2010,0.1968,germany
p0p50,2011,0.1945,germany
p0p50,2012,0.1931,germany
p0p50,2013,0.1862,germany
p0p50,2014,0.1855,germany
p0p50,2015,0.1864,germany
p0p50,2016,0.1881,germany
p0p50,2017,0.1896,germany
p0p50,2018,0.1923,germany
p0p50,2019,0.1914,germany
p0p50,2020,0.1919,germany
p0p50,2021,0.1919,germany
p0p50,2022,0.1919,germany
p0p50,2023,0.1919,germany
p99p100,1820,0.1769,germany
p99p100,1821,,germany
p99p100,1822,,germany
p99p100,1823,,germany
p99p100,1824,,germany
p99p100,1825,,germany
p99p100,1826,,germany
p99p100,1827,,germany
p99p100,1828,,germany
p99p100,1829,,germany
p99p100,1830,,germany
p99p100,1831,,germany
p99p100,1832,,germany
p99p100,1833,,germany
p99p100,1834,,germany
p99p100,1835,,germany
p99p100,1836,,germany
p99p100,1837,,germany
p99p100,1838,,germany
p99p100,1839,,germany
p99p100,1840,,germany
p99p100,1841,,germany
p99p100,1842,,germany
p99p100,1843,,germany
p99p100,1844,,germany
p99p100,1845,,germany
p99p100,1846,,germany
p99p100,1847,,germany
p99p100,1848,,germany
p99p100,1849,,germany
p99p100,1850,0.1808,germany
p99p100,1851,,germany
p99p100,1852,,germany
p99p100,1853,,germany
p99p100,1854,,germany
p99p100,1855,,germany
p99p100,1856,,germany
p99p100,1857,,germany
p99p100,1858,,germany
p99p100,1859,,germany
p99p100,1860,,germany
p99p100,1861,,germany
p99p100,1862,,germany
p99p100,1863,,germany
p99p100,1864,,germany
p99p100,1865,,germany
p99p100,1866,,germany
p99p100,1867,,germany
p99p100,1868,,germany
p99p100,1869,,germany
p99p100,1870,,germany
p99p100,1871,,germany
p99p100,1872,,germany
p99p100,1873,,germany
p99p100,1874,,germany
p99p100,1875,,germany
p99p100,1876,,germany
p99p100,1877,,germany
p99p100,1878,,germany
p99p100,1879,,germany
p99p100,1880,0.1745,germany
p99p100,1881,,germany
p99p100,1882,,germany
p99p100,1883,,germany
p99p100,1884,,germany
p99p100,1885,,germany
p99p100,1886,,germany
p99p100,1887,,germany
p99p100,1888,,germany
p99p100,1889,,germany
p99p100,1890,,germany
p99p100,1891,,germany
p99p100,1892,,germany
p99p100,1893,,germany
p99p100,1894,,germany
p99p100,1895,,germany
p99p100,1896,,germany
p99p100,1897,,germany
p99p100,1898,,germany
p99p100,1899,,germany
p99p100,1900,0.2244,germany
p99p100,1901,,germany
p99p100,1902,,germany
p99p100,1903,,germany
p99p100,1904,,germany
p99p100,1905,,germany
p99p100,1906,,germany
p99p100,1907,,germany
p99p100,1908,,germany
p99p100,1909,,germany
p99p100,1910,0.214,germany
p99p100,1911,,germany
p99p100,1912,,germany
p99p100,1913,,germany
p99p100,1914,,germany
p99p100,1915,,germany
p99p100,1916,,germany
p99p100,1917,,germany
p99p100,1918,,germany
p99p100,1919,,germany
p99p100,1920,0.2185,germany
p99p100,1921,,germany
p99p100,1922,,germany
p99p100,1923,,germany
p99p100,1924,,germany
p99p100,1925,,germany
p99p100,1926,,germany
p99p100,1927,,germany
p99p100,1928,,germany
p99p100,1929,,germany
p99p100,1930,0.1249,germany
p99p100,1931,,germany
p99p100,1932,,germany
p99p100,1933,,germany
p99p100,1934,,germany
p99p100,1935,,germany
p99p100,1936,,germany
p99p100,1937,,germany
p99p100,1938,,germany
p99p100,1939,,germany
p99p100,1940,0.1574,germany
p99p100,1941,,germany
p99p100,1942,,germany
p99p100,1943,,germany
p99p100,1944,,germany
p99p100,1945,,germany
p99p100,1946,,germany
p99p100,1947,,germany
p99p100,1948,,germany
p99p100,1949,,germany
p99p100,1950,0.1078,germany
p99p100,1951,,germany
p99p100,1952,,germany
p99p100,1953,,germany
p99p100,1954,,germany
p99p100,1955,,germany
p99p100,1956,,germany
p99p100,1957,,germany
p99p100,1958,,germany
p99p100,1959,,germany
p99p100,1960,0.1143,germany
p99p100,1961,,germany
p99p100,1962,,germany
p99p100,1963,,germany
p99p100,1964,,germany
p99p100,1965,,germany
p99p100,1966,,germany
p99p100,1967,,germany
p99p100,1968,,germany
p99p100,1969,,germany
p99p100,1970,0.1022,germany
p99p100,1971,,germany
p99p100,1972,,germany
p99p100,1973,,germany
p99p100,1974,,germany
p99p100,1975,,germany
p99p100,1976,,germany
p99p100,1977,,germany
p99p100,1978,,germany
p99p100,1979,,germany
p99p100,1980,0.0968,germany
p99p100,1981,0.0928,germany
p99p100,1982,0.0905,germany
p99p100,1983,0.0928,germany
p99p100,1984,0.0927,germany
p99p100,1985,0.0942,germany
p99p100,1986,0.0984,germany
p99p100,1987,0.1029,germany
p99p100,1988,0.1115,germany
p99p100,1989,0.1164,germany
p99p100,1990,0.1131,germany
p99p100,1991,0.102,germany
p99p100,1992,0.0952,germany
p99p100,1993,0.0909,germany
p99p100,1994,0.088,germany
p99p100,1995,0.0867,germany
p99p100,1996,0.0941,germany
p99p100,1997,0.1005,germany
p99p100,1998,0.1081,germany
p99p100,1999,0.1044,germany
p99p100,2000,0.103,germany
p99p100,2001,0.1011,germany
p99p100,2002,0.0993,germany
p99p100,2003,0.0931,germany
p99p100,2004,0.1042,germany
p99p100,2005,0.1187,germany
p99p100,2006,0.1251,germany
p99p100,2007,0.1338,germany
p99p100,2008,0.132,germany
p99p100,2009,0.1268,germany
p99p100,2010,0.1258,germany
p99p100,2011,0.1252,germany
p99p100,2012,0.1233,germany
p99p100,2013,0.128,germany
p99p100,2014,0.1298,germany
p99p100,2015,0.1298,germany
p99p100,2016,0.1296,germany
p99p100,2017,0.1291,germany
p99p100,2018,0.1274,germany
p99p100,2019,0.1284,germany
p99p100,2020,0.1278,germany
p99p100,2021,0.1278,germany
p99p100,2022,0.1278,germany
p99p100,2023,0.1278,germany
p0p50,1820,0.1596,italy
p0p50,1821,,italy
p0p50,1822,,italy
p0p50,1823,,italy
p0p50,1824,,italy
p0p50,1825,,italy
p0p50,1826,,italy
p0p50,1827,,italy
p0p50,1828,,italy
p0p50,1829,,italy
p0p50,1830,,italy
p0p50,1831,,italy
p0p50,1832,,italy
p0p50,1833,,italy
p0p50,1834,,italy
p0p50,1835,,italy
p0p50,1836,,italy
p0p50,1837,,italy
p0p50,1838,,italy
p0p50,1839,,italy
p0p50,1840,,italy
p0p50,1841,,italy
p0p50,1842,,italy
p0p50,1843,,italy
p0p50,1844,,italy
p0p50,1845,,italy
p0p50,1846,,italy
p0p50,1847,,italy
p0p50,1848,,italy
p0p50,1849,,italy
p0p50,1850,0.1572,italy
p0p50,1851,,italy
p0p50,1852,,italy
p0p50,1853,,italy
p0p50,1854,,italy
p0p50,1855,,italy
p0p50,1856,,italy
p0p50,1857,,italy
p0p50,1858,,italy
p0p50,1859,,italy
p0p50,1860,,italy
p0p50,1861,,italy
p0p50,1862,,italy
p0p50,1863,,italy
p0p50,1864,,italy
p0p50,1865,,italy
p0p50,1866,,italy
p0p50,1867,,italy
p0p50,1868,,italy
p0p50,1869,,italy
p0p50,1870,,italy
p0p50,1871,,italy
p0p50,1872,,italy
p0p50,1873,,italy
p0p50,1874,,italy
p0p50,1875,,italy
p0p50,1876,,italy
p0p50,1877,,italy
p0p50,1878,,italy
p0p50,1879,,italy
p0p50,1880,0.1563,italy
p0p50,1881,,italy
p0p50,1882,,italy
p0p50,1883,,italy
p0p50,1884,,italy
p0p50,1885,,italy
p0p50,1886,,italy
p0p50,1887,,italy
p0p50,1888,,italy
p0p50,1889,,italy
p0p50,1890,,italy
p0p50,1891,,italy
p0p50,1892,,italy
p0p50,1893,,italy
p0p50,1894,,italy
p0p50,1895,,italy
p0p50,1896,,italy
p0p50,1897,,italy
p0p50,1898,,italy
p0p50,1899,,italy
p0p50,1900,0.1438,italy
p0p50,1901,,italy
p0p50,1902,,italy
p0p50,1903,,italy
p0p50,1904,,italy
p0p50,1905,,italy
p0p50,1906,,italy
p0p50,1907,,italy
p0p50,1908,,italy
p0p50,1909,,italy
p0p50,1910,0.1544,italy
p0p50,1911,,italy
p0p50,1912,,italy
p0p50,1913,,italy
p0p50,1914,,italy
p0p50,1915,,italy
p0p50,1916,,italy
p0p50,1917,,italy
p0p50,1918,,italy
p0p50,1919,,italy
p0p50,1920,0.1854,italy
p0p50,1921,,italy
p0p50,1922,,italy
p0p50,1923,,italy
p0p50,1924,,italy
p0p50,1925,,italy
p0p50,1926,,italy
p0p50,1927,,italy
p0p50,1928,,italy
p0p50,1929,,italy
p0p50,1930,0.2086,italy
p0p50,1931,,italy
p0p50,1932,,italy
p0p50,1933,,italy
p0p50,1934,,italy
p0p50,1935,,italy
p0p50,1936,,italy
p0p50,1937,,italy
p0p50,1938,,italy
p0p50,1939,,italy
p0p50,1940,0.2045,italy
p0p50,1941,,italy
p0p50,1942,,italy
p0p50,1943,,italy
p0p50,1944,,italy
p0p50,1945,,italy
p0p50,1946,,italy
p0p50,1947,,italy
p0p50,1948,,italy
p0p50,1949,,italy
p0p50,1950,0.2281,italy
p0p50,1951,,italy
p0p50,1952,,italy
p0p50,1953,,italy
p0p50,1954,,italy
p0p50,1955,,italy
p0p50,1956,,italy
p0p50,1957,,italy
p0p50,1958,,italy
p0p50,1959,,italy
p0p50,1960,0.2274,italy
p0p50,1961,,italy
p0p50,1962,,italy
p0p50,1963,,italy
p0p50,1964,,italy
p0p50,1965,,italy
p0p50,1966,,italy
p0p50,1967,,italy
p0p50,1968,,italy
p0p50,1969,,italy
p0p50,1970,0.2708,italy
p0p50,1971,,italy
p0p50,1972,,italy
p0p50,1973,,italy
p0p50,1974,,italy
p0p50,1975,,italy
p0p50,1976,,italy
p0p50,1977,,italy
p0p50,1978,,italy
p0p50,1979,,italy
p0p50,1980,0.2089,italy
p0p50,1981,0.2137,italy
p0p50,1982,0.2144,italy
p0p50,1983,0.2156,italy
p0p50,1984,0.2133,italy
p0p50,1985,0.2123,italy
p0p50,1986,0.21,italy
p0p50,1987,0.2057,italy
p0p50,1988,0.1992,italy
p0p50,1989,0.1973,italy
p0p50,1990,0.1926,italy
p0p50,1991,0.1966,italy
p0p50,1992,0.1924,italy
p0p50,1993,0.1879,italy
p0p50,1994,0.1829,italy
p0p50,1995,0.1807,italy
p0p50,1996,0.1773,italy
p0p50,1997,0.1786,italy
p0p50,1998,0.1711,italy
p0p50,1999,0.1729,italy
p0p50,2000,0.1707,italy
p0p50,2001,0.1692,italy
p0p50,2002,0.1709,italy
p0p50,2003,0.1699,italy
p0p50,2004,0.1698,italy
p0p50,2005,0.1751,italy
p0p50,2006,0.1741,italy
p0p50,2007,0.1736,italy
p0p50,2008,0.1794,italy
p0p50,2009,0.1789,italy
p0p50,2010,0.1754,italy
p0p50,2011,0.1728,italy
p0p50,2012,0.1714,italy
p0p50,2013,0.1678,italy
p0p50,2014,0.1679,italy
p0p50,2015,0.1695,italy
p0p50,2016,0.167,italy
p0p50,2017,0.1657,italy
p0p50,2018,0.1641,italy
p0p50,2019,0.1649,italy
p0p50,2020,0.166,italy
p0p50,2021,0.166,italy
p0p50,2022,0.166,italy
p0p50,2023,0.166,italy
p99p100,1820,0.2202,italy
p99p100,1821,,italy
p99p100,1822,,italy
p99p100,1823,,italy
p99p100,1824,,italy
p99p100,1825,,italy
p99p100,1826,,italy
p99p100,1827,,italy
p99p100,1828,,italy
p99p100,1829,,italy
p99p100,1830,,italy
p99p100,1831,,italy
p99p100,1832,,italy
p99p100,1833,,italy
p99p100,1834,,italy
p99p100,1835,,italy
p99p100,1836,,italy
p99p100,1837,,italy
p99p100,1838,,italy
p99p100,1839,,italy
p99p100,1840,,italy
p99p100,1841,,italy
p99p100,1842,,italy
p99p100,1843,,italy
p99p100,1844,,italy
p99p100,1845,,italy
p99p100,1846,,italy
p99p100,1847,,italy
p99p100,1848,,italy
p99p100,1849,,italy
p99p100,1850,0.2255,italy
p99p100,1851,,italy
p99p100,1852,,italy
p99p100,1853,,italy
p99p100,1854,,italy
p99p100,1855,,italy
p99p100,1856,,italy
p99p100,1857,,italy
p99p100,1858,,italy
p99p100,1859,,italy
p99p100,1860,,italy
p99p100,1861,,italy
p99p100,1862,,italy
p99p100,1863,,italy
p99p100,1864,,italy
p99p100,1865,,italy
p99p100,1866,,italy
p99p100,1867,,italy
p99p100,1868,,italy
p99p100,1869,,italy
p99p100,1870,,italy
p99p100,1871,,italy
p99p100,1872,,italy
p99p100,1873,,italy
p99p100,1874,,italy
p99p100,1875,,italy
p99p100,1876,,italy
p99p100,1877,,italy
p99p100,1878,,italy
p99p100,1879,,italy
p99p100,1880,0.2225,italy
p99p100,1881,,italy
p99p100,1882,,italy
p99p100,1883,,italy
p99p100,1884,,italy
p99p100,1885,,italy
p99p100,1886,,italy
p99p100,1887,,italy
p99p100,1888,,italy
p99p100,1889,,italy
p99p100,1890,,italy
p99p100,1891,,italy
p99p100,1892,,italy
p99p100,1893,,italy
p99p100,1894,,italy
p99p100,1895,,italy
p99p100,1896,,italy
p99p100,1897,,italy
p99p100,1898,,italy
p99p100,1899,,italy
p99p100,1900,0.2789,italy
p99p100,1901,,italy
p99p100,1902,,italy
p99p100,1903,,italy
p99p100,1904,,italy
p99p100,1905,,italy
p99p100,1906,,italy
p99p100,1907,,italy
p99p100,1908,,italy
p99p100,1909,,italy
p99p100,1910,0.2675,italy
p99p100,1911,,italy
p99p100,1912,,italy
p99p100,1913,,italy
p99p100,1914,,italy
p99p100,1915,,italy
p99p100,1916,,italy
p99p100,1917,,italy
p99p100,1918,,italy
p99p100,1919,,italy
p99p100,1920,0.2131,italy
p99p100,1921,,italy
p99p100,1922,,italy
p99p100,1923,,italy
p99p100,1924,,italy
p99p100,1925,,italy
p99p100,1926,,italy
p99p100,1927,,italy
p99p100,1928,,italy
p99p100,1929,,italy
p99p100,1930,0.1631,italy
p99p100,1931,,italy
p99p100,1932,,italy
p99p100,1933,,italy
p99p100,1934,,italy
p99p100,1935,,italy
p99p100,1936,,italy
p99p100,1937,,italy
p99p100,1938,,italy
p99p100,1939,,italy
p99p100,1940,0.1479,italy
p99p100,1941,,italy
p99p100,1942,,italy
p99p100,1943,,italy
p99p100,1944,,italy
p99p100,1945,,italy
p99p100,1946,,italy
p99p100,1947,,italy
p99p100,1948,,italy
p99p100,1949,,italy
p99p100,1950,0.1071,italy
p99p100,1951,,italy
p99p100,1952,,italy
p99p100,1953,,italy
p99p100,1954,,italy
p99p100,1955,,italy
p99p100,1956,,italy
p99p100,1957,,italy
p99p100,1958,,italy
p99p100,1959,,italy
p99p100,1960,0.1012,italy
p99p100,1961,,italy
p99p100,1962,,italy
p99p100,1963,,italy
p99p100,1964,,italy
p99p100,1965,,italy
p99p100,1966,,italy
p99p100,1967,,italy
p99p100,1968,,italy
p99p100,1969,,italy
p99p100,1970,0.053,italy
p99p100,1971,,italy
p99p100,1972,,italy
p99p100,1973,,italy
p99p100,1974,,italy
p99p100,1975,,italy
p99p100,1976,,italy
p99p100,1977,,italy
p99p100,1978,,italy
p99p100,1979,,italy
p99p100,1980,0.0624,italy
p99p100,1981,0.0573,italy
p99p100,1982,0.0563,italy
p99p100,1983,0.0559,italy
p99p100,1984,0.058,italy
p99p100,1985,0.0617,italy
p99p100,1986,0.0695,italy
p99p100,1987,0.0709,italy
p99p100,1988,0.0749,italy
p99p100,1989,0.0765,italy
p99p100,1990,0.076,italy
p99p100,1991,0.0767,italy
p99p100,1992,0.0768,italy
p99p100,1993,0.0794,italy
p99p100,1994,0.0822,italy
p99p100,1995,0.0882,italy
p99p100,1996,0.0904,italy
p99p100,1997,0.0919,italy
p99p100,1998,0.0959,italy
p99p100,1999,0.0935,italy
p99p100,2000,0.0992,italy
p99p100,2001,0.1035,italy
p99p100,2002,0.0997,italy
p99p100,2003,0.1006,italy
p99p100,2004,0.0991,italy
p99p100,2005,0.0983,italy
p99p100,2006,0.0987,italy
p99p100,2007,0.0962,italy
p99p100,2008,0.0867,italy
p99p100,2009,0.0889,italy
p99p100,2010,0.0939,italy
p99p100,2011,0.1062,italy
p99p100,2012,0.1139,italy
p99p100,2013,0.1105,italy
p99p100,2014,0.1123,italy
p99p100,2015,0.1056,italy
p99p100,2016,0.123,italy
p99p100,2017,0.1271,italy
p99p100,2018,0.1259,italy
p99p100,2019,0.1243,italy
p99p100,2020,0.1228,italy
p99p100,2021,0.1228,italy
p99p100,2022,0.1228,italy
p99p100,2023,0.1228,italy
p0p50,1820,0.1273,japan
p0p50,1821,,japan
p0p50,1822,,japan
p0p50,1823,,japan
p0p50,1824,,japan
p0p50,1825,,japan
p0p50,1826,,japan
p0p50,1827,,japan
p0p50,1828,,japan
p0p50,1829,,japan
p0p50,1830,,japan
p0p50,1831,,japan
p0p50,1832,,japan
p0p50,1833,,japan
p0p50,1834,,japan
p0p50,1835,,japan
p0p50,1836,,japan
p0p50,1837,,japan
p0p50,1838,,japan
p0p50,1839,,japan
p0p50,1840,,japan
p0p50,1841,,japan
p0p50,1842,,japan
p0p50,1843,,japan
p0p50,1844,,japan
p0p50,1845,,japan
p0p50,1846,,japan
p0p50,1847,,japan
p0p50,1848,,japan
p0p50,1849,,japan
p0p50,1850,0.1252,japan
p0p50,1851,,japan
p0p50,1852,,japan
p0p50,1853,,japan
p0p50,1854,,japan
p0p50,1855,,japan
p0p50,1856,,japan
p0p50,1857,,japan
p0p50,1858,,japan
p0p50,1859,,japan
p0p50,1860,,japan
p0p50,1861,,japan
p0p50,1862,,japan
p0p50,1863,,japan
p0p50,1864,,japan
p0p50,1865,,japan
p0p50,1866,,japan
p0p50,1867,,japan
p0p50,1868,,japan
p0p50,1869,,japan
p0p50,1870,,japan
p0p50,1871,,japan
p0p50,1872,,japan
p0p50,1873,,japan
p0p50,1874,,japan
p0p50,1875,,japan
p0p50,1876,,japan
p0p50,1877,,japan
p0p50,1878,,japan
p0p50,1879,,japan
p0p50,1880,0.121,japan
p0p50,1881,,japan
p0p50,1882,,japan
p0p50,1883,,japan
p0p50,1884,,japan
p0p50,1885,,japan
p0p50,1886,,japan
p0p50,1887,,japan
p0p50,1888,,japan
p0p50,1889,,japan
p0p50,1890,,japan
p0p50,1891,,japan
p0p50,1892,,japan
p0p50,1893,,japan
p0p50,1894,,japan
p0p50,1895,,japan
p0p50,1896,,japan
p0p50,1897,,japan
p0p50,1898,,japan
p0p50,1899,,japan
p0p50,1900,0.1148,japan
p0p50,1901,,japan
p0p50,1902,,japan
p0p50,1903,,japan
p0p50,1904,,japan
p0p50,1905,,japan
p0p50,1906,,japan
p0p50,1907,,japan
p0p50,1908,,japan
p0p50,1909,,japan
p0p50,1910,0.111,japan
p0p50,1911,,japan
p0p50,1912,,japan
p0p50,1913,,japan
p0p50,1914,,japan
p0p50,1915,,japan
p0p50,1916,,japan
p0p50,1917,,japan
p0p50,1918,,japan
p0p50,1919,,japan
p0p50,1920,0.1454,japan
p0p50,1921,,japan
p0p50,1922,,japan
p0p50,1923,,japan
p0p50,1924,,japan
p0p50,1925,,japan
p0p50,1926,,japan
p0p50,1927,,japan
p0p50,1928,,japan
p0p50,1929,,japan
p0p50,1930,0.1528,japan
p0p50,1931,,japan
p0p50,1932,,japan
p0p50,1933,,japan
p0p50,1934,,japan
p0p50,1935,,japan
p0p50,1936,,japan
p0p50,1937,,japan
p0p50,1938,,japan
p0p50,1939,,japan
p0p50,1940,0.1672,japan
p0p50,1941,,japan
p0p50,1942,,japan
p0p50,1943,,japan
p0p50,1944,,japan
p0p50,1945,,japan
p0p50,1946,,japan
p0p50,1947,,japan
p0p50,1948,,japan
p0p50,1949,,japan
p0p50,1950,0.2173,japan
p0p50,1951,,japan
p0p50,1952,,japan
p0p50,1953,,japan
p0p50,1954,,japan
p0p50,1955,,japan
p0p50,1956,,japan
p0p50,1957,,japan
p0p50,1958,,japan
p0p50,1959,,japan
p0p50,1960,0.2106,japan
p0p50,1961,,japan
p0p50,1962,,japan
p0p50,1963,,japan
p0p50,1964,,japan
p0p50,1965,,japan
p0p50,1966,,japan
p0p50,1967,,japan
p0p50,1968,,japan
p0p50,1969,,japan
p0p50,1970,0.2065,japan
p0p50,1971,,japan
p0p50,1972,,japan
p0p50,1973,,japan
p0p50,1974,,japan
p0p50,1975,,japan
p0p50,1976,,japan
p0p50,1977,,japan
p0p50,1978,,japan
p0p50,1979,,japan
p0p50,1980,0.2902,japan
p0p50,1981,0.2937,japan
p0p50,1982,0.2953,japan
p0p50,1983,0.2928,japan
p0p50,1984,0.2904,japan
p0p50,1985,0.2848,japan
p0p50,1986,0.2817,japan
p0p50,1987,0.276,japan
p0p50,1988,0.2726,japan
p0p50,1989,0.2718,japan
p0p50,1990,0.2731,japan
p0p50,1991,0.2789,japan
p0p50,1992,0.2918,japan
p0p50,1993,0.2886,japan
p0p50,1994,0.2866,japan
p0p50,1995,0.2803,japan
p0p50,1996,0.2735,japan
p0p50,1997,0.2734,japan
p0p50,1998,0.2726,japan
p0p50,1999,0.27,japan
p0p50,2000,0.2636,japan
p0p50,2001,0.2589,japan
p0p50,2002,0.2536,japan
p0p50,2003,0.2503,japan
p0p50,2004,0.2459,japan
p0p50,2005,0.2463,japan
p0p50,2006,0.247,japan
p0p50,2007,0.2462,japan
p0p50,2008,0.2512,japan
p0p50,2009,0.2645,japan
p0p50,2010,0.2647,japan
p0p50,2011,0.2678,japan
p0p50,2012,0.268,japan
p0p50,2013,0.2671,japan
p0p50,2014,0.2674,japan
p0p50,2015,0.2665,japan
p0p50,2016,0.2655,japan
p0p50,2017,0.2646,japan
p0p50,2018,0.2636,japan
p0p50,2019,0.2626,japan
p0p50,2020,0.2626,japan
p0p50,2021,0.2626,japan
p0p50,2022,0.2626,japan
p0p50,2023,0.2626,japan
p99p100,1820,0.2159,japan
p99p100,1821,,japan
p99p100,1822,,japan
p99p100,1823,,japan
p99p100,1824,,japan
p99p100,1825,,japan
p99p100,1826,,japan
p99p100,1827,,japan
p99p100,1828,,japan
p99p100,1829,,japan
p99p100,1830,,japan
p99p100,1831,,japan
p99p100,1832,,japan
p99p100,1833,,japan
p99p100,1834,,japan
p99p100,1835,,japan
p99p100,1836,,japan
p99p100,1837,,japan
p99p100,1838,,japan
p99p100,1839,,japan
p99p100,1840,,japan
p99p100,1841,,japan
p99p100,1842,,japan
p99p100,1843,,japan
p99p100,1844,,japan
p99p100,1845,,japan
p99p100,1846,,japan
p99p100,1847,,japan
p99p100,1848,,japan
p99p100,1849,,japan
p99p100,1850,0.2207,japan
p99p100,1851,,japan
p99p100,1852,,japan
p99p100,1853,,japan
p99p100,1854,,japan
p99p100,1855,,japan
p99p100,1856,,japan
p99p100,1857,,japan
p99p100,1858,,japan
p99p100,1859,,japan
p99p100,1860,,japan
p99p100,1861,,japan
p99p100,1862,,japan
p99p100,1863,,japan
p99p100,1864,,japan
p99p100,1865,,japan
p99p100,1866,,japan
p99p100,1867,,japan
p99p100,1868,,japan
p99p100,1869,,japan
p99p100,1870,,japan
p99p100,1871,,japan
p99p100,1872,,japan
p99p100,1873,,japan
p99p100,1874,,japan
p99p100,1875,,japan
p99p100,1876,,japan
p99p100,1877,,japan
p99p100,1878,,japan
p99p100,1879,,japan
p99p100,1880,0.2183,japan
p99p100,1881,,japan
p99p100,1882,,japan
p99p100,1883,,japan
p99p100,1884,,japan
p99p100,1885,,japan
p99p100,1886,,japan
p99p100,1887,,japan
p99p100,1888,,japan
p99p100,1889,,japan
p99p100,1890,,japan
p99p100,1891,,japan
p99p100,1892,,japan
p99p100,1893,,japan
p99p100,1894,,japan
p99p100,1895,,japan
p99p100,1896,,japan
p99p100,1897,,japan
p99p100,1898,,japan
p99p100,1899,,japan
p99p100,1900,0.2425,japan
p99p100,1901,,japan
p99p100,1902,,japan
p99p100,1903,,japan
p99p100,1904,,japan
p99p100,1905,,japan
p99p100,1906,,japan
p99p100,1907,,japan
p99p100,1908,,japan
p99p100,1909,,japan
p99p100,1910,0.2599,japan
p99p100,1911,,japan
p99p100,1912,,japan
p99p100,1913,,japan
p99p100,1914,,japan
p99p100,1915,,japan
p99p100,1916,,japan
p99p100,1917,,japan
p99p100,1918,,japan
p99p100,1919,,japan
p99p100,1920,0.2178,japan
p99p100,1921,,japan
p99p100,1922,,japan
p99p100,1923,,japan
p99p100,1924,,japan
p99p100,1925,,japan
p99p100,1926,,japan
p99p100,1927,,japan
p99p100,1928,,japan
p99p100,1929,,japan
p99p100,1930,0.1984,japan
p99p100,1931,,japan
p99p100,1932,,japan
p99p100,1933,,japan
p99p100,1934,,japan
p99p100,1935,,japan
p99p100,1936,,japan
p99p100,1937,,japan
p99p100,1938,,japan
p99p100,1939,,japan
p99p100,1940,0.1817,japan
p99p100,1941,,japan
p99p100,1942,,japan
p99p100,1943,,japan
p99p100,1944,,japan
p99p100,1945,,japan
p99p100,1946,,japan
p99p100,1947,,japan
p99p100,1948,,japan
p99p100,1949,,japan
p99p100,1950,0.1054,japan
p99p100,1951,,japan
p99p100,1952,,japan
p99p100,1953,,japan
p99p100,1954,,japan
p99p100,1955,,japan
p99p100,1956,,japan
p99p100,1957,,japan
p99p100,1958,,japan
p99p100,1959,,japan
p99p100,1960,0.1109,japan
p99p100,1961,,japan
p99p100,1962,,japan
p99p100,1963,,japan
p99p100,1964,,japan
p99p100,1965,,japan
p99p100,1966,,japan
p99p100,1967,,japan
p99p100,1968,,japan
p99p100,1969,,japan
p99p100,1970,0.1157,japan
p99p100,1971,,japan
p99p100,1972,,japan
p99p100,1973,,japan
p99p100,1974,,japan
p99p100,1975,,japan
p99p100,1976,,japan
p99p100,1977,,japan
p99p100,1978,,japan
p99p100,1979,,japan
p99p100,1980,0.0478,japan
p99p100,1981,0.0461,japan
p99p100,1982,0.0459,japan
p99p100,1983,0.0457,japan
p99p100,1984,0.0466,japan
p99p100,1985,0.048,japan
p99p100,1986,0.0507,japan
p99p100,1987,0.0575,japan
p99p100,1988,0.0591,japan
p99p100,1989,0.0641,japan
p99p100,1990,0.068,japan
p99p100,1991,0.0631,japan
p99p100,1992,0.0448,japan
p99p100,1993,0.0458,japan
p99p100,1994,0.0452,japan
p99p100,1995,0.0473,japan
p99p100,1996,0.0507,japan
p99p100,1997,0.0479,japan
p99p100,1998,0.0475,japan
p99p100,1999,0.049,japan
p99p100,2000,0.0525,japan
p99p100,2001,0.0542,japan
p99p100,2002,0.056,japan
p99p100,2003,0.0585,japan
p99p100,2004,0.0628,japan
p99p100,2005,0.065,japan
p99p100,2006,0.0658,japan
p99p100,2007,0.066,japan
p99p100,2008,0.062,japan
p99p100,2009,0.058,japan
p99p100,2010,0.061,japan
p99p100,2011,0.06,japan
p99p100,2012,0.0603,japan
p99p100,2013,0.0612,japan
p99p100,2014,0.0611,japan
p99p100,2015,0.0609,japan
p99p100,2016,0.0607,japan
p99p100,2017,0.0605,japan
p99p100,2018,0.0603,japan
p99p100,2019,0.0601,japan
p99p100,2020,0.0601,japan
p99p100,2021,0.0601,japan
p99p100,2022,0.0601,japan
p99p100,2023,0.0601,japan
p0p50,1820,0.1185,new_zealand
p0p50,1821,,new_zealand
p0p50,1822,,new_zealand
p0p50,1823,,new_zealand
p0p50,1824,,new_zealand
p0p50,1825,,new_zealand
p0p50,1826,,new_zealand
p0p50,1827,,new_zealand
p0p50,1828,,new_zealand
p0p50,1829,,new_zealand
p0p50,1830,,new_zealand
p0p50,1831,,new_zealand
p0p50,1832,,new_zealand
p0p50,1833,,new_zealand
p0p50,1834,,new_zealand
p0p50,1835,,new_zealand
p0p50,1836,,new_zealand
p0p50,1837,,new_zealand
p0p50,1838,,new_zealand
p0p50,1839,,new_zealand
p0p50,1840,,new_zealand
p0p50,1841,,new_zealand
p0p50,1842,,new_zealand
p0p50,1843,,new_zealand
p0p50,1844,,new_zealand
p0p50,1845,,new_zealand
p0p50,1846,,new_zealand
p0p50,1847,,new_zealand
p0p50,1848,,new_zealand
p0p50,1849,,new_zealand
p0p50,1850,0.1165,new_zealand
p0p50,1851,,new_zealand
p0p50,1852,,new_zealand
p0p50,1853,,new_zealand
p0p50,1854,,new_zealand
p0p50,1855,,new_zealand
p0p50,1856,,new_zealand
p0p50,1857,,new_zealand
p0p50,1858,,new_zealand
p0p50,1859,,new_zealand
p0p50,1860,,new_zealand
p0p50,1861,,new_zealand
p0p50,1862,,new_zealand
p0p50,1863,,new_zealand
p0p50,1864,,new_zealand
p0p50,1865,,new_zealand
p0p50,1866,,new_zealand
p0p50,1867,,new_zealand
p0p50,1868,,new_zealand
p0p50,1869,,new_zealand
p0p50,1870,,new_zealand
p0p50,1871,,new_zealand
p0p50,1872,,new_zealand
p0p50,1873,,new_zealand
p0p50,1874,,new_zealand
p0p50,1875,,new_zealand
p0p50,1876,,new_zealand
p0p50,1877,,new_zealand
p0p50,1878,,new_zealand
p0p50,1879,,new_zealand
p0p50,1880,0.1175,new_zealand
p0p50,1881,,new_zealand
p0p50,1882,,new_zealand
p0p50,1883,,new_zealand
p0p50,1884,,new_zealand
p0p50,1885,,new_zealand
p0p50,1886,,new_zealand
p0p50,1887,,new_zealand
p0p50,1888,,new_zealand
p0p50,1889,,new_zealand
p0p50,1890,,new_zealand
p0p50,1891,,new_zealand
p0p50,1892,,new_zealand
p0p50,1893,,new_zealand
p0p50,1894,,new_zealand
p0p50,1895,,new_zealand
p0p50,1896,,new_zealand
p0p50,1897,,new_zealand
p0p50,1898,,new_zealand
p0p50,1899,,new_zealand
p0p50,1900,0.1073,new_zealand
p0p50,1901,,new_zealand
p0p50,1902,,new_zealand
p0p50,1903,,new_zealand
p0p50,1904,,new_zealand
p0p50,1905,,new_zealand
p0p50,1906,,new_zealand
p0p50,1907,,new_zealand
p0p50,1908,,new_zealand
p0p50,1909,,new_zealand
p0p50,1910,0.1073,new_zealand
p0p50,1911,,new_zealand
p0p50,1912,,new_zealand
p0p50,1913,,new_zealand
p0p50,1914,,new_zealand
p0p50,1915,,new_zealand
p0p50,1916,,new_zealand
p0p50,1917,,new_zealand
p0p50,1918,,new_zealand
p0p50,1919,,new_zealand
p0p50,1920,0.0979,new_zealand
p0p50,1921,0.0989,new_zealand
p0p50,1922,0.1114,new_zealand
p0p50,1923,0.1046,new_zealand
p0p50,1924,0.1053,new_zealand
p0p50,1925,0.0993,new_zealand
p0p50,1926,0.0952,new_zealand
p0p50,1927,0.095,new_zealand
p0p50,1928,0.0952,new_zealand
p0p50,1929,0.0913,new_zealand
p0p50,1930,0.082,new_zealand
p0p50,1931,0.0823,new_zealand
p0p50,1932,0.0826,new_zealand
p0p50,1933,0.0831,new_zealand
p0p50,1934,0.0833,new_zealand
p0p50,1935,0.093,new_zealand
p0p50,1936,0.1012,new_zealand
p0p50,1937,0.1189,new_zealand
p0p50,1938,0.1329,new_zealand
p0p50,1939,0.1212,new_zealand
p0p50,1940,0.1266,new_zealand
p0p50,1941,0.1309,new_zealand
p0p50,1942,0.1352,new_zealand
p0p50,1943,0.1394,new_zealand
p0p50,1944,0.1437,new_zealand
p0p50,1945,0.1481,new_zealand
p0p50,1946,0.1375,new_zealand
p0p50,1947,0.1295,new_zealand
p0p50,1948,0.1266,new_zealand
p0p50,1949,0.1226,new_zealand
p0p50,1950,0.117,new_zealand
p0p50,1951,0.1247,new_zealand
p0p50,1952,0.1199,new_zealand
p0p50,1953,0.1199,new_zealand
p0p50,1954,0.1217,new_zealand
p0p50,1955,0.1258,new_zealand
p0p50,1956,0.1214,new_zealand
p0p50,1957,0.126,new_zealand
p0p50,1958,0.1334,new_zealand
p0p50,1959,0.1304,new_zealand
p0p50,1960,0.1323,new_zealand
p0p50,1961,0.1323,new_zealand
p0p50,1962,0.1325,new_zealand
p0p50,1963,0.1323,new_zealand
p0p50,1964,0.1301,new_zealand
p0p50,1965,0.1355,new_zealand
p0p50,1966,0.1368,new_zealand
p0p50,1967,0.1356,new_zealand
p0p50,1968,0.135,new_zealand
p0p50,1969,0.1355,new_zealand
p0p50,1970,0.1364,new_zealand
p0p50,1971,0.1363,new_zealand
p0p50,1972,0.1348,new_zealand
p0p50,1973,0.1328,new_zealand
p0p50,1974,0.1358,new_zealand
p0p50,1975,0.1472,new_zealand
p0p50,1976,0.1421,new_zealand
p0p50,1977,0.1511,new_zealand
p0p50,1978,0.151,new_zealand
p0p50,1979,0.1544,new_zealand
p0p50,1980,0.1512,new_zealand
p0p50,1981,0.1514,new_zealand
p0p50,1982,0.1493,new_zealand
p0p50,1983,0.1449,new_zealand
p0p50,1984,0.1491,new_zealand
p0p50,1985,0.1544,new_zealand
p0p50,1986,0.1588,new_zealand
p0p50,1987,0.1617,new_zealand
p0p50,1988,0.1611,new_zealand
p0p50,1989,0.1524,new_zealand
p0p50,1990,0.1418,new_zealand
p0p50,1991,0.1442,new_zealand
p0p50,1992,0.139,new_zealand
p0p50,1993,0.1369,new_zealand
p0p50,1994,0.1378,new_zealand
p0p50,1995,0.1388,new_zealand
p0p50,1996,0.1432,new_zealand
p0p50,1997,0.1395,new_zealand
p0p50,1998,0.1323,new_zealand
p0p50,1999,0.1625,new_zealand
p0p50,2000,0.1808,new_zealand
p0p50,2001,0.1761,new_zealand
p0p50,2002,0.1943,new_zealand
p0p50,2003,0.1981,new_zealand
p0p50,2004,0.2039,new_zealand
p0p50,2005,0.2155,new_zealand
p0p50,2006,0.2412,new_zealand
p0p50,2007,0.2346,new_zealand
p0p50,2008,0.2319,new_zealand
p0p50,2009,0.2198,new_zealand
p0p50,2010,0.1967,new_zealand
p0p50,2011,0.2201,new_zealand
p0p50,2012,0.2292,new_zealand
p0p50,2013,0.2327,new_zealand
p0p50,2014,0.2325,new_zealand
p0p50,2015,0.2322,new_zealand
p0p50,2016,0.2319,new_zealand
p0p50,2017,0.2386,new_zealand
p0p50,2018,0.2443,new_zealand
p0p50,2019,0.2193,new_zealand
p0p50,2020,0.1937,new_zealand
p0p50,2021,0.1854,new_zealand
p0p50,2022,0.2044,new_zealand
p0p50,2023,0.2044,new_zealand
p99p100,1820,0.1443,new_zealand
p99p100,1821,,new_zealand
p99p100,1822,,new_zealand
p99p100,1823,,new_zealand
p99p100,1824,,new_zealand
p99p100,1825,,new_zealand
p99p100,1826,,new_zealand
p99p100,1827,,new_zealand
p99p100,1828,,new_zealand
p99p100,1829,,new_zealand
p99p100,1830,,new_zealand
p99p100,1831,,new_zealand
p99p100,1832,,new_zealand
p99p100,1833,,new_zealand
p99p100,1834,,new_zealand
p99p100,1835,,new_zealand
p99p100,1836,,new_zealand
p99p100,1837,,new_zealand
p99p100,1838,,new_zealand
p99p100,1839,,new_zealand
p99p100,1840,,new_zealand
p99p100,1841,,new_zealand
p99p100,1842,,new_zealand
p99p100,1843,,new_zealand
p99p100,1844,,new_zealand
p99p100,1845,,new_zealand
p99p100,1846,,new_zealand
p99p100,1847,,new_zealand
p99p100,1848,,new_zealand
p99p100,1849,,new_zealand
p99p100,1850,0.1475,new_zealand
p99p100,1851,,new_zealand
p99p100,1852,,new_zealand
p99p100,1853,,new_zealand
p99p100,1854,,new_zealand
p99p100,1855,,new_zealand
p99p100,1856,,new_zealand
p99p100,1857,,new_zealand
p99p100,1858,,new_zealand
p99p100,1859,,new_zealand
p99p100,1860,,new_zealand
p99p100,1861,,new_zealand
p99p100,1862,,new_zealand
p99p100,1863,,new_zealand
p99p100,1864,,new_zealand
p99p100,1865,,new_zealand
p99p100,1866,,new_zealand
p99p100,1867,,new_zealand
p99p100,1868,,new_zealand
p99p100,1869,,new_zealand
p99p100,1870,,new_zealand
p99p100,1871,,new_zealand
p99p100,1872,,new_zealand
p99p100,1873,,new_zealand
p99p100,1874,,new_zealand
p99p100,1875,,new_zealand
p99p100,1876,,new_zealand
p99p100,1877,,new_zealand
p99p100,1878,,new_zealand
p99p100,1879,,new_zealand
p99p100,1880,0.1459,new_zealand
p99p100,1881,,new_zealand
p99p100,1882,,new_zealand
p99p100,1883,,new_zealand
p99p100,1884,,new_zealand
p99p100,1885,,new_zealand
p99p100,1886,,new_zealand
p99p100,1887,,new_zealand
p99p100,1888,,new_zealand
p99p100,1889,,new_zealand
p99p100,1890,,new_zealand
p99p100,1891,,new_zealand
p99p100,1892,,new_zealand
p99p100,1893,,new_zealand
p99p100,1894,,new_zealand
p99p100,1895,,new_zealand
p99p100,1896,,new_zealand
p99p100,1897,,new_zealand
p99p100,1898,,new_zealand
p99p100,1899,,new_zealand
p99p100,1900,0.1621,new_zealand
p99p100,1901,,new_zealand
p99p100,1902,,new_zealand
p99p100,1903,,new_zealand
p99p100,1904,,new_zealand
p99p100,1905,,new_zealand
p99p100,1906,,new_zealand
p99p100,1907,,new_zealand
p99p100,1908,,new_zealand
p99p100,1909,,new_zealand
p99p100,1910,0.1621,new_zealand
p99p100,1911,,new_zealand
p99p100,1912,,new_zealand
p99p100,1913,,new_zealand
p99p100,1914,,new_zealand
p99p100,1915,,new_zealand
p99p100,1916,,new_zealand
p99p100,1917,,new_zealand
p99p100,1918,,new_zealand
p99p100,1919,,new_zealand
p99p100,1920,0.1884,new_zealand
p99p100,1921,0.2068,new_zealand
p99p100,1922,0.193,new_zealand
p99p100,1923,0.2008,new_zealand
p99p100,1924,0.1999,new_zealand
p99p100,1925,0.2026,new_zealand
p99p100,1926,0.1975,new_zealand
p99p100,1927,0.1942,new_zealand
p99p100,1928,0.2094,new_zealand
p99p100,1929,0.1999,new_zealand
p99p100,1930,0.1912,new_zealand
p99p100,1931,0.1931,new_zealand
p99p100,1932,0.1952,new_zealand
p99p100,1933,0.1969,new_zealand
p99p100,1934,0.1891,new_zealand
p99p100,1935,0.1889,new_zealand
p99p100,1936,0.1955,new_zealand
p99p100,1937,0.1555,new_zealand
p99p100,1938,0.1386,new_zealand
p99p100,1939,0.1475,new_zealand
p99p100,1940,0.1398,new_zealand
p99p100,1941,0.1381,new_zealand
p99p100,1942,0.1364,new_zealand
p99p100,1943,0.1347,new_zealand
p99p100,1944,0.133,new_zealand
p99p100,1945,0.1313,new_zealand
p99p100,1946,0.1419,new_zealand
p99p100,1947,0.1452,new_zealand
p99p100,1948,0.1457,new_zealand
p99p100,1949,0.1507,new_zealand
p99p100,1950,0.1744,new_zealand
p99p100,1951,0.1478,new_zealand
p99p100,1952,0.1485,new_zealand
p99p100,1953,0.1485,new_zealand
p99p100,1954,0.1437,new_zealand
p99p100,1955,0.1324,new_zealand
p99p100,1956,0.1345,new_zealand
p99p100,1957,0.1314,new_zealand
p99p100,1958,0.1108,new_zealand
p99p100,1959,0.1158,new_zealand
p99p100,1960,0.1137,new_zealand
p99p100,1961,0.1125,new_zealand
p99p100,1962,0.1111,new_zealand
p99p100,1963,0.1116,new_zealand
p99p100,1964,0.1137,new_zealand
p99p100,1965,0.1036,new_zealand
p99p100,1966,0.1012,new_zealand
p99p100,1967,0.1016,new_zealand
p99p100,1968,0.1034,new_zealand
p99p100,1969,0.1034,new_zealand
p99p100,1970,0.1025,new_zealand
p99p100,1971,0.1002,new_zealand
p99p100,1972,0.1106,new_zealand
p99p100,1973,0.1162,new_zealand
p99p100,1974,0.1082,new_zealand
p99p100,1975,0.0902,new_zealand
p99p100,1976,0.1077,new_zealand
p99p100,1977,0.0871,new_zealand
p99p100,1978,0.0848,new_zealand
p99p100,1979,0.0808,new_zealand
p99p100,1980,0.0772,new_zealand
p99p100,1981,0.0764,new_zealand
p99p100,1982,0.0773,new_zealand
p99p100,1983,0.0863,new_zealand
p99p100,1984,0.0853,new_zealand
p99p100,1985,0.0812,new_zealand
p99p100,1986,0.0722,new_zealand
p99p100,1987,0.0788,new_zealand
p99p100,1988,0.0817,new_zealand
p99p100,1989,0.0992,new_zealand
p99p100,1990,0.1195,new_zealand
p99p100,1991,0.1057,new_zealand
p99p100,1992,0.1128,new_zealand
p99p100,1993,0.119,new_zealand
p99p100,1994,0.1232,new_zealand
p99p100,1995,0.1243,new_zealand
p99p100,1996,0.1183,new_zealand
p99p100,1997,0.1262,new_zealand
p99p100,1998,0.1381,new_zealand
p99p100,1999,0.1529,new_zealand
p99p100,2000,0.1161,new_zealand
p99p100,2001,0.1237,new_zealand
p99p100,2002,0.1248,new_zealand
p99p100,2003,0.1286,new_zealand
p99p100,2004,0.2111,new_zealand
p99p100,2005,0.161,new_zealand
p99p100,2006,0.1005,new_zealand
p99p100,2007,0.1048,new_zealand
p99p100,2008,0.1629,new_zealand
p99p100,2009,0.1874,new_zealand
p99p100,2010,0.2239,new_zealand
p99p100,2011,0.1972,new_zealand
p99p100,2012,0.1364,new_zealand
p99p100,2013,0.1215,new_zealand
p99p100,2014,0.1181,new_zealand
p99p100,2015,0.1147,new_zealand
p99p100,2016,0.1113,new_zealand
p99p100,2017,0.1154,new_zealand
p99p100,2018,0.1069,new_zealand
p99p100,2019,0.1191,new_zealand
p99p100,2020,0.13,new_zealand
p99p100,2021,0.1677,new_zealand
p99p100,2022,0.1208,new_zealand
p99p100,2023,0.1208,new_zealand
p0p50,1980,0.253,norway
p0p50,1981,0.2547,norway
p0p50,1982,0.2596,norway
p0p50,1983,0.2633,norway
p0p50,1984,0.2634,norway
p0p50,1985,0.263,norway
p0p50,1986,0.2766,norway
p0p50,1987,0.2782,norway
p0p50,1988,0.2838,norway
p0p50,1989,0.2868,norway
p0p50,1990,0.2843,norway
p0p50,1991,0.2853,norway
p0p50,1992,0.284,norway
p0p50,1993,0.2731,norway
p0p50,1994,0.2634,norway
p0p50,1995,0.2641,norway
p0p50,1996,0.2553,norway
p0p50,1997,0.2468,norway
p0p50,1998,0.2605,norway
p0p50,1999,0.2565,norway
p0p50,2000,0.2412,norway
p0p50,2001,0.2539,norway
p0p50,2002,0.2525,norway
p0p50,2003,0.2482,norway
p0p50,2004,0.2435,norway
p0p50,2005,0.2366,norway
p0p50,2006,0.2361,norway
p0p50,2007,0.2361,norway
p0p50,2008,0.2368,norway
p0p50,2009,0.2494,norway
p0p50,2010,0.2409,norway
p0p50,2011,0.2381,norway
p0p50,2012,0.236,norway
p0p50,2013,0.2383,norway
p0p50,2014,0.2378,norway
p0p50,2015,0.2449,norway
p0p50,2016,0.2443,norway
p0p50,2017,0.2418,norway
p0p50,2018,0.2372,norway
p0p50,2019,0.2398,norway
p0p50,2020,0.2423,norway
p0p50,2021,0.2423,norway
p0p50,2022,0.2423,norway
p0p50,2023,0.2423,norway
p99p100,1980,0.0747,norway
p99p100,1981,0.0736,norway
p99p100,1982,0.0712,norway
p99p100,1983,0.0698,norway
p99p100,1984,0.0776,norway
p99p100,1985,0.0796,norway
p99p100,1986,0.0576,norway
p99p100,1987,0.0555,norway
p99p100,1988,0.0497,norway
p99p100,1989,0.0566,norway
p99p100,1990,0.0583,norway
p99p100,1991,0.0598,norway
p99p100,1992,0.0686,norway
p99p100,1993,0.0802,norway
p99p100,1994,0.0849,norway
p99p100,1995,0.0848,norway
p99p100,1996,0.0975,norway
p99p100,1997,0.1053,norway
p99p100,1998,0.0887,norway
p99p100,1999,0.0986,norway
p99p100,2000,0.1261,norway
p99p100,2001,0.1069,norway
p99p100,2002,0.1146,norway
p99p100,2003,0.1196,norway
p99p100,2004,0.1264,norway
p99p100,2005,0.141,norway
p99p100,2006,0.1323,norway
p99p100,2007,0.1321,norway
p99p100,2008,0.1399,norway
p99p100,2009,0.1109,norway
p99p100,2010,0.124,norway
p99p100,2011,0.1245,norway
p99p100,2012,0.1263,norway
p99p100,2013,0.1205,norway
p99p100,2014,0.1169,norway
p99p100,2015,0.0996,norway
p99p100,2016,0.0977,norway
p99p100,2017,0.1025,norway
p99p100,2018,0.1113,norway
p99p100,2019,0.0966,norway
p99p100,2020,0.0934,norway
p99p100,2021,0.0934,norway
p99p100,2022,0.0934,norway
p99p100,2023,0.0934,norway
p0p50,1820,0.1763,russia
p0p50,1821,,russia
p0p50,1822,,russia
p0p50,1823,,russia
p0p50,1824,,russia
p0p50,1825,,russia
p0p50,1826,,russia
p0p50,1827,,russia
p0p50,1828,,russia
p0p50,1829,,russia
p0p50,1830,,russia
p0p50,1831,,russia
p0p50,1832,,russia
p0p50,1833,,russia
p0p50,1834,,russia
p0p50,1835,,russia
p0p50,1836,,russia
p0p50,1837,,russia
p0p50,1838,,russia
p0p50,1839,,russia
p0p50,1840,,russia
p0p50,1841,,russia
p0p50,1842,,russia
p0p50,1843,,russia
p0p50,1844,,russia
p0p50,1845,,russia
p0p50,1846,,russia
p0p50,1847,,russia
p0p50,1848,,russia
p0p50,1849,,russia
p0p50,1850,0.1748,russia
p0p50,1851,,russia
p0p50,1852,,russia
p0p50,1853,,russia
p0p50,1854,,russia
p0p50,1855,,russia
p0p50,1856,,russia
p0p50,1857,,russia
p0p50,1858,,russia
p0p50,1859,,russia
p0p50,1860,,russia
p0p50,1861,,russia
p0p50,1862,,russia
p0p50,1863,,russia
p0p50,1864,,russia
p0p50,1865,,russia
p0p50,1866,,russia
p0p50,1867,,russia
p0p50,1868,,russia
p0p50,1869,,russia
p0p50,1870,,russia
p0p50,1871,,russia
p0p50,1872,,russia
p0p50,1873,,russia
p0p50,1874,,russia
p0p50,1875,,russia
p0p50,1876,,russia
p0p50,1877,,russia
p0p50,1878,,russia
p0p50,1879,,russia
p0p50,1880,0.1719,russia
p0p50,1881,,russia
p0p50,1882,,russia
p0p50,1883,,russia
p0p50,1884,,russia
p0p50,1885,,russia
p0p50,1886,,russia
p0p50,1887,,russia
p0p50,1888,,russia
p0p50,1889,,russia
p0p50,1890,,russia
p0p50,1891,,russia
p0p50,1892,,russia
p0p50,1893,,russia
p0p50,1894,,russia
p0p50,1895,,russia
p0p50,1896,,russia
p0p50,1897,,russia
p0p50,1898,,russia
p0p50,1899,,russia
p0p50,1900,0.1674,russia
p0p50,1901,,russia
p0p50,1902,,russia
p0p50,1903,,russia
p0p50,1904,,russia
p0p50,1905,0.1506,russia
p0p50,1906,,russia
p0p50,1907,,russia
p0p50,1908,,russia
p0p50,1909,,russia
p0p50,1910,0.1674,russia
p0p50,1911,,russia
p0p50,1912,,russia
p0p50,1913,,russia
p0p50,1914,,russia
p0p50,1915,,russia
p0p50,1916,,russia
p0p50,1917,,russia
p0p50,1918,,russia
p0p50,1919,,russia
p0p50,1920,0.2936,russia
p0p50,1921,,russia
p0p50,1922,,russia
p0p50,1923,,russia
p0p50,1924,,russia
p0p50,1925,,russia
p0p50,1926,,russia
p0p50,1927,,russia
p0p50,1928,0.2721,russia
p0p50,1929,,russia
p0p50,1930,0.2936,russia
p0p50,1931,,russia
p0p50,1932,,russia
p0p50,1933,,russia
p0p50,1934,0.2573,russia
p0p50,1935,,russia
p0p50,1936,,russia
p0p50,1937,,russia
p0p50,1938,,russia
p0p50,1939,,russia
p0p50,1940,0.271,russia
p0p50,1941,,russia
p0p50,1942,,russia
p0p50,1943,,russia
p0p50,1944,,russia
p0p50,1945,,russia
p0p50,1946,,russia
p0p50,1947,,russia
p0p50,1948,,russia
p0p50,1949,,russia
p0p50,1950,0.2519,russia
p0p50,1951,,russia
p0p50,1952,,russia
p0p50,1953,,russia
p0p50,1954,,russia
p0p50,1955,,russia
p0p50,1956,0.2262,russia
p0p50,1957,,russia
p0p50,1958,,russia
p0p50,1959,0.2325,russia
p0p50,1960,0.2537,russia
p0p50,1961,0.2392,russia
p0p50,1962,,russia
p0p50,1963,,russia
p0p50,1964,0.2518,russia
p0p50,1965,,russia
p0p50,1966,0.2693,russia
p0p50,1967,,russia
p0p50,1968,0.2895,russia
p0p50,1969,,russia
p0p50,1970,0.2964,russia
p0p50,1971,,russia
p0p50,1972,0.2822,russia
p0p50,1973,,russia
p0p50,1974,,russia
p0p50,1975,,russia
p0p50,1976,0.2846,russia
p0p50,1977,,russia
p0p50,1978,,russia
p0p50,1979,,russia
p0p50,1980,0.2884,russia
p0p50,1981,0.2869,russia
p0p50,1982,0.2854,russia
p0p50,1983,0.2841,russia
p0p50,1984,0.2829,russia
p0p50,1985,0.2818,russia
p0p50,1986,0.2813,russia
p0p50,1987,0.2808,russia
p0p50,1988,0.2803,russia
p0p50,1989,0.2731,russia
p0p50,1990,0.2837,russia
p0p50,1991,0.2791,russia
p0p50,1992,0.2167,russia
p0p50,1993,0.203,russia
p0p50,1994,0.1553,russia
p0p50,1995,0.1417,russia
p0p50,1996,0.099,russia
p0p50,1997,0.1262,russia
p0p50,1998,0.1456,russia
p0p50,1999,0.1412,russia
p0p50,2000,0.1343,russia
p0p50,2001,0.1327,russia
p0p50,2002,0.1375,russia
p0p50,2003,0.1341,russia
p0p50,2004,0.1389,russia
p0p50,2005,0.1435,russia
p0p50,2006,0.1376,russia
p0p50,2007,0.1354,russia
p0p50,2008,0.1311,russia
p0p50,2009,0.1453,russia
p0p50,2010,0.1646,russia
p0p50,2011,0.1599,russia
p0p50,2012,0.1663,russia
p0p50,2013,0.16,russia
p0p50,2014,0.1685,russia
p0p50,2015,0.1708,russia
p0p50,2016,0.1702,russia
p0p50,2017,0.1734,russia
p0p50,2018,0.1703,russia
p0p50,2019,0.1699,russia
p0p50,2020,0.1568,russia
p0p50,2021,0.1568,russia
p0p50,2022,0.1568,russia
p0p50,2023,0.1568,russia
p99p100,1820,0.1601,russia
p99p100,1821,,russia
p99p100,1822,,russia
p99p100,1823,,russia
p99p100,1824,,russia
p99p100,1825,,russia
p99p100,1826,,russia
p99p100,1827,,russia
p99p100,1828,,russia
p99p100,1829,,russia
p99p100,1830,,russia
p99p100,1831,,russia
p99p100,1832,,russia
p99p100,1833,,russia
p99p100,1834,,russia
p99p100,1835,,russia
p99p100,1836,,russia
p99p100,1837,,russia
p99p100,1838,,russia
p99p100,1839,,russia
p99p100,1840,,russia
p99p100,1841,,russia
p99p100,1842,,russia
p99p100,1843,,russia
p99p100,1844,,russia
p99p100,1845,,russia
p99p100,1846,,russia
p99p100,1847,,russia
p99p100,1848,,russia
p99p100,1849,,russia
p99p100,1850,0.1637,russia
p99p100,1851,,russia
p99p100,1852,,russia
p99p100,1853,,russia
p99p100,1854,,russia
p99p100,1855,,russia
p99p100,1856,,russia
p99p100,1857,,russia
p99p100,1858,,russia
p99p100,1859,,russia
p99p100,1860,,russia
p99p100,1861,,russia
p99p100,1862,,russia
p99p100,1863,,russia
p99p100,1864,,russia
p99p100,1865,,russia
p99p100,1866,,russia
p99p100,1867,,russia
p99p100,1868,,russia
p99p100,1869,,russia
p99p100,1870,,russia
p99p100,1871,,russia
p99p100,1872,,russia
p99p100,1873,,russia
p99p100,1874,,russia
p99p100,1875,,russia
p99p100,1876,,russia
p99p100,1877,,russia
p99p100,1878,,russia
p99p100,1879,,russia
p99p100,1880,0.1619,russia
p99p100,1881,,russia
p99p100,1882,,russia
p99p100,1883,,russia
p99p100,1884,,russia
p99p100,1885,,russia
p99p100,1886,,russia
p99p100,1887,,russia
p99p100,1888,,russia
p99p100,1889,,russia
p99p100,1890,,russia
p99p100,1891,,russia
p99p100,1892,,russia
p99p100,1893,,russia
p99p100,1894,,russia
p99p100,1895,,russia
p99p100,1896,,russia
p99p100,1897,,russia
p99p100,1898,,russia
p99p100,1899,,russia
p99p100,1900,0.1799,russia
p99p100,1901,,russia
p99p100,1902,,russia
p99p100,1903,,russia
p99p100,1904,,russia
p99p100,1905,0.1835,russia
p99p100,1906,,russia
p99p100,1907,,russia
p99p100,1908,,russia
p99p100,1909,,russia
p99p100,1910,0.1799,russia
p99p100,1911,,russia
p99p100,1912,,russia
p99p100,1913,,russia
p99p100,1914,,russia
p99p100,1915,,russia
p99p100,1916,,russia
p99p100,1917,,russia
p99p100,1918,,russia
p99p100,1919,,russia
p99p100,1920,0.041,russia
p99p100,1921,,russia
p99p100,1922,,russia
p99p100,1923,,russia
p99p100,1924,,russia
p99p100,1925,,russia
p99p100,1926,,russia
p99p100,1927,,russia
p99p100,1928,0.0376,russia
p99p100,1929,,russia
p99p100,1930,0.041,russia
p99p100,1931,,russia
p99p100,1932,,russia
p99p100,1933,,russia
p99p100,1934,0.0441,russia
p99p100,1935,,russia
p99p100,1936,,russia
p99p100,1937,,russia
p99p100,1938,,russia
p99p100,1939,,russia
p99p100,1940,0.042,russia
p99p100,1941,,russia
p99p100,1942,,russia
p99p100,1943,,russia
p99p100,1944,,russia
p99p100,1945,,russia
p99p100,1946,,russia
p99p100,1947,,russia
p99p100,1948,,russia
p99p100,1949,,russia
p99p100,1950,0.06,russia
p99p100,1951,,russia
p99p100,1952,,russia
p99p100,1953,,russia
p99p100,1954,,russia
p99p100,1955,,russia
p99p100,1956,0.0562,russia
p99p100,1957,,russia
p99p100,1958,,russia
p99p100,1959,0.047,russia
p99p100,1960,0.05,russia
p99p100,1961,0.0461,russia
p99p100,1962,,russia
p99p100,1963,,russia
p99p100,1964,0.0443,russia
p99p100,1965,,russia
p99p100,1966,0.0418,russia
p99p100,1967,,russia
p99p100,1968,0.039,russia
p99p100,1969,,russia
p99p100,1970,0.048,russia
p99p100,1971,,russia
p99p100,1972,0.0406,russia
p99p100,1973,,russia
p99p100,1974,,russia
p99p100,1975,,russia
p99p100,1976,0.039,russia
p99p100,1977,,russia
p99p100,1978,,russia
p99p100,1979,,russia
p99p100,1980,0.0356,russia
p99p100,1981,0.0379,russia
p99p100,1982,0.0401,russia
p99p100,1983,0.042,russia
p99p100,1984,0.0439,russia
p99p100,1985,0.0456,russia
p99p100,1986,0.0471,russia
p99p100,1987,0.0487,russia
p99p100,1988,0.0501,russia
p99p100,1989,0.0562,russia
p99p100,1990,0.0745,russia
p99p100,1991,0.0852,russia
p99p100,1992,0.1013,russia
p99p100,1993,0.1111,russia
p99p100,1994,0.1208,russia
p99p100,1995,0.1378,russia
p99p100,1996,0.1616,russia
p99p100,1997,0.1523,russia
p99p100,1998,0.1489,russia
p99p100,1999,0.1845,russia
p99p100,2000,0.2159,russia
p99p100,2001,0.2453,russia
p99p100,2002,0.2391,russia
p99p100,2003,0.2325,russia
p99p100,2004,0.2188,russia
p99p100,2005,0.2389,russia
p99p100,2006,0.247,russia
p99p100,2007,0.259,russia
p99p100,2008,0.2375,russia
p99p100,2009,0.2058,russia
p99p100,2010,0.1903,russia
p99p100,2011,0.203,russia
p99p100,2012,0.1881,russia
p99p100,2013,0.1991,russia
p99p100,2014,0.191,russia
p99p100,2015,0.186,russia
p99p100,2016,0.1944,russia
p99p100,2017,0.2,russia
p99p100,2018,0.205,russia
p99p100,2019,0.2021,russia
p99p100,2020,0.2376,russia
p99p100,2021,0.2376,russia
p99p100,2022,0.2376,russia
p99p100,2023,0.2376,russia
p0p50,1820,0.1659,uk
p0p50,1821,,uk
p0p50,1822,,uk
p0p50,1823,,uk
p0p50,1824,,uk
p0p50,1825,,uk
p0p50,1826,,uk
p0p50,1827,,uk
p0p50,1828,,uk
p0p50,1829,,uk
p0p50,1830,,uk
p0p50,1831,,uk
p0p50,1832,,uk
p0p50,1833,,uk
p0p50,1834,,uk
p0p50,1835,,uk
p0p50,1836,,uk
p0p50,1837,,uk
p0p50,1838,,uk
p0p50,1839,,uk
p0p50,1840,,uk
p0p50,1841,,uk
p0p50,1842,,uk
p0p50,1843,,uk
p0p50,1844,,uk
p0p50,1845,,uk
p0p50,1846,,uk
p0p50,1847,,uk
p0p50,1848,,uk
p0p50,1849,,uk
p0p50,1850,0.1646,uk
p0p50,1851,,uk
p0p50,1852,,uk
p0p50,1853,,uk
p0p50,1854,,uk
p0p50,1855,,uk
p0p50,1856,,uk
p0p50,1857,,uk
p0p50,1858,,uk
p0p50,1859,,uk
p0p50,1860,,uk
p0p50,1861,,uk
p0p50,1862,,uk
p0p50,1863,,uk
p0p50,1864,,uk
p0p50,1865,,uk
p0p50,1866,,uk
p0p50,1867,,uk
p0p50,1868,,uk
p0p50,1869,,uk
p0p50,1870,,uk
p0p50,1871,,uk
p0p50,1872,,uk
p0p50,1873,,uk
p0p50,1874,,uk
p0p50,1875,,uk
p0p50,1876,,uk
p0p50,1877,,uk
p0p50,1878,,uk
p0p50,1879,,uk
p0p50,1880,0.1541,uk
p0p50,1881,,uk
p0p50,1882,,uk
p0p50,1883,,uk
p0p50,1884,,uk
p0p50,1885,,uk
p0p50,1886,,uk
p0p50,1887,,uk
p0p50,1888,,uk
p0p50,1889,,uk
p0p50,1890,,uk
p0p50,1891,,uk
p0p50,1892,,uk
p0p50,1893,,uk
p0p50,1894,,uk
p0p50,1895,,uk
p0p50,1896,,uk
p0p50,1897,,uk
p0p50,1898,,uk
p0p50,1899,,uk
p0p50,1900,0.1455,uk
p0p50,1901,,uk
p0p50,1902,,uk
p0p50,1903,,uk
p0p50,1904,,uk
p0p50,1905,,uk
p0p50,1906,,uk
p0p50,1907,,uk
p0p50,1908,,uk
p0p50,1909,,uk
p0p50,1910,0.1515,uk
p0p50,1911,,uk
p0p50,1912,,uk
p0p50,1913,,uk
p0p50,1914,,uk
p0p50,1915,,uk
p0p50,1916,,uk
p0p50,1917,,uk
p0p50,1918,,uk
p0p50,1919,,uk
p0p50,1920,0.1932,uk
p0p50,1921,,uk
p0p50,1922,,uk
p0p50,1923,,uk
p0p50,1924,,uk
p0p50,1925,,uk
p0p50,1926,,uk
p0p50,1927,,uk
p0p50,1928,,uk
p0p50,1929,,uk
p0p50,1930,0.2141,uk
p0p50,1931,,uk
p0p50,1932,,uk
p0p50,1933,,uk
p0p50,1934,,uk
p0p50,1935,,uk
p0p50,1936,,uk
p0p50,1937,,uk
p0p50,1938,,uk
p0p50,1939,,uk
p0p50,1940,0.208,uk
p0p50,1941,,uk
p0p50,1942,,uk
p0p50,1943,,uk
p0p50,1944,,uk
p0p50,1945,,uk
p0p50,1946,,uk
p0p50,1947,,uk
p0p50,1948,,uk
p0p50,1949,,uk
p0p50,1950,0.2218,uk
p0p50,1951,,uk
p0p50,1952,,uk
p0p50,1953,,uk
p0p50,1954,,uk
p0p50,1955,,uk
p0p50,1956,,uk
p0p50,1957,,uk
p0p50,1958,,uk
p0p50,1959,,uk
p0p50,1960,0.2276,uk
p0p50,1961,,uk
p0p50,1962,,uk
p0p50,1963,,uk
p0p50,1964,,uk
p0p50,1965,,uk
p0p50,1966,,uk
p0p50,1967,,uk
p0p50,1968,,uk
p0p50,1969,,uk
p0p50,1970,0.2306,uk
p0p50,1971,,uk
p0p50,1972,,uk
p0p50,1973,,uk
p0p50,1974,,uk
p0p50,1975,,uk
p0p50,1976,,uk
p0p50,1977,,uk
p0p50,1978,,uk
p0p50,1979,,uk
p0p50,1980,0.2219,uk
p0p50,1981,0.2219,uk
p0p50,1982,0.2203,uk
p0p50,1983,0.2177,uk
p0p50,1984,0.2155,uk
p0p50,1985,0.212,uk
p0p50,1986,0.2082,uk
p0p50,1987,0.2068,uk
p0p50,1988,0.2039,uk
p0p50,1989,0.2064,uk
p0p50,1990,0.193,uk
p0p50,1991,0.1912,uk
p0p50,1992,0.1951,uk
p0p50,1993,0.1918,uk
p0p50,1994,0.1927,uk
p0p50,1995,0.1882,uk
p0p50,1996,0.1866,uk
p0p50,1997,0.1894,uk
p0p50,1998,0.1866,uk
p0p50,1999,0.183,uk
p0p50,2000,0.1886,uk
p0p50,2001,0.1859,uk
p0p50,2002,0.1884,uk
p0p50,2003,0.1822,uk
p0p50,2004,0.1851,uk
p0p50,2005,0.1821,uk
p0p50,2006,0.181,uk
p0p50,2007,0.1845,uk
p0p50,2008,0.1871,uk
p0p50,2009,0.1771,uk
p0p50,2010,0.1988,uk
p0p50,2011,0.1957,uk
p0p50,2012,0.1888,uk
p0p50,2013,0.1837,uk
p0p50,2014,0.1941,uk
p0p50,2015,0.1993,uk
p0p50,2016,0.201,uk
p0p50,2017,0.2044,uk
p0p50,2018,0.2029,uk
p0p50,2019,0.2036,uk
p0p50,2020,0.2005,uk
p0p50,2021,0.2005,uk
p0p50,2022,0.2005,uk
p0p50,2023,0.2005,uk
p99p100,1820,0.248,uk
p99p100,1821,,uk
p99p100,1822,,uk
p99p100,1823,,uk
p99p100,1824,,uk
p99p100,1825,,uk
p99p100,1826,,uk
p99p100,1827,,uk
p99p100,1828,,uk
p99p100,1829,,uk
p99p100,1830,,uk
p99p100,1831,,uk
p99p100,1832,,uk
p99p100,1833,,uk
p99p100,1834,,uk
p99p100,1835,,uk
p99p100,1836,,uk
p99p100,1837,,uk
p99p100,1838,,uk
p99p100,1839,,uk
p99p100,1840,,uk
p99p100,1841,,uk
p99p100,1842,,uk
p99p100,1843,,uk
p99p100,1844,,uk
p99p100,1845,,uk
p99p100,1846,,uk
p99p100,1847,,uk
p99p100,1848,,uk
p99p100,1849,,uk
p99p100,1850,0.25,uk
p99p100,1851,,uk
p99p100,1852,,uk
p99p100,1853,,uk
p99p100,1854,,uk
p99p100,1855,,uk
p99p100,1856,,uk
p99p100,1857,,uk
p99p100,1858,,uk
p99p100,1859,,uk
p99p100,1860,,uk
p99p100,1861,,uk
p99p100,1862,,uk
p99p100,1863,,uk
p99p100,1864,,uk
p99p100,1865,,uk
p99p100,1866,,uk
p99p100,1867,,uk
p99p100,1868,,uk
p99p100,1869,,uk
p99p100,1870,,uk
p99p100,1871,,uk
p99p100,1872,,uk
p99p100,1873,,uk
p99p100,1874,,uk
p99p100,1875,,uk
p99p100,1876,,uk
p99p100,1877,,uk
p99p100,1878,,uk
p99p100,1879,,uk
p99p100,1880,0.266,uk
p99p100,1881,,uk
p99p100,1882,,uk
p99p100,1883,,uk
p99p100,1884,,uk
p99p100,1885,,uk
p99p100,1886,,uk
p99p100,1887,,uk
p99p100,1888,,uk
p99p100,1889,,uk
p99p100,1890,,uk
p99p100,1891,,uk
p99p100,1892,,uk
p99p100,1893,,uk
p99p100,1894,,uk
p99p100,1895,,uk
p99p100,1896,,uk
p99p100,1897,,uk
p99p100,1898,,uk
p99p100,1899,,uk
p99p100,1900,0.31,uk
p99p100,1901,,uk
p99p100,1902,,uk
p99p100,1903,,uk
p99p100,1904,,uk
p99p100,1905,,uk
p99p100,1906,,uk
p99p100,1907,,uk
p99p100,1908,,uk
p99p100,1909,,uk
p99p100,1910,0.3,uk
p99p100,1911,,uk
p99p100,1912,,uk
p99p100,1913,,uk
p99p100,1914,,uk
p99p100,1915,,uk
p99p100,1916,,uk
p99p100,1917,,uk
p99p100,1918,,uk
p99p100,1919,,uk
p99p100,1920,0.2295,uk
p99p100,1921,,uk
p99p100,1922,,uk
p99p100,1923,,uk
p99p100,1924,,uk
p99p100,1925,,uk
p99p100,1926,,uk
p99p100,1927,,uk
p99p100,1928,,uk
p99p100,1929,,uk
p99p100,1930,0.1944,uk
p99p100,1931,,uk
p99p100,1932,,uk
p99p100,1933,,uk
p99p100,1934,,uk
p99p100,1935,,uk
p99p100,1936,,uk
p99p100,1937,,uk
p99p100,1938,,uk
p99p100,1939,,uk
p99p100,1940,0.156,uk
p99p100,1941,,uk
p99p100,1942,,uk
p99p100,1943,,uk
p99p100,1944,,uk
p99p100,1945,,uk
p99p100,1946,,uk
p99p100,1947,,uk
p99p100,1948,,uk
p99p100,1949,,uk
p99p100,1950,0.1118,uk
p99p100,1951,,uk
p99p100,1952,,uk
p99p100,1953,,uk
p99p100,1954,,uk
p99p100,1955,,uk
p99p100,1956,,uk
p99p100,1957,,uk
p99p100,1958,,uk
p99p100,1959,,uk
p99p100,1960,0.0887,uk
p99p100,1961,,uk
p99p100,1962,,uk
p99p100,1963,,uk
p99p100,1964,,uk
p99p100,1965,,uk
p99p100,1966,,uk
p99p100,1967,,uk
p99p100,1968,,uk
p99p100,1969,,uk
p99p100,1970,0.0742,uk
p99p100,1971,,uk
p99p100,1972,,uk
p99p100,1973,,uk
p99p100,1974,,uk
p99p100,1975,,uk
p99p100,1976,,uk
p99p100,1977,,uk
p99p100,1978,,uk
p99p100,1979,,uk
p99p100,1980,0.0717,uk
p99p100,1981,0.0717,uk
p99p100,1982,0.0732,uk
p99p100,1983,0.0727,uk
p99p100,1984,0.0752,uk
p99p100,1985,0.0771,uk
p99p100,1986,0.0791,uk
p99p100,1987,0.0808,uk
p99p100,1988,0.0858,uk
p99p100,1989,0.0814,uk
p99p100,1990,0.0815,uk
p99p100,1991,0.0821,uk
p99p100,1992,0.0774,uk
p99p100,1993,0.0872,uk
p99p100,1994,0.0992,uk
p99p100,1995,0.1003,uk
p99p100,1996,0.1148,uk
p99p100,1997,0.1192,uk
p99p100,1998,0.1281,uk
p99p100,1999,0.1201,uk
p99p100,2000,0.1163,uk
p99p100,2001,0.1157,uk
p99p100,2002,0.1185,uk
p99p100,2003,0.1296,uk
p99p100,2004,0.1284,uk
p99p100,2005,0.141,uk
p99p100,2006,0.145,uk
p99p100,2007,0.1454,uk
p99p100,2008,0.1393,uk
p99p100,2009,0.1415,uk
p99p100,2010,0.1214,uk
p99p100,2011,0.1301,uk
p99p100,2012,0.1265,uk
p99p100,2013,0.137,uk
p99p100,2014,0.1324,uk
p99p100,2015,0.1224,uk
p99p100,2016,0.124,uk
p99p100,2017,0.1331,uk
p99p100,2018,0.1296,uk
p99p100,2019,0.1261,uk
p99p100,2020,0.131,uk
p99p100,2021,0.131,uk
p99p100,2022,0.131,uk
p99p100,2023,0.131,uk
p0p50,1820,0.14,usa
p0p50,1821,,usa
p0p50,1822,,usa
p0p50,1823,,usa
p0p50,1824,,usa
p0p50,1825,,usa
p0p50,1826,,usa
p0p50,1827,,usa
p0p50,1828,,usa
p0p50,1829,,usa
p0p50,1830,,usa
p0p50,1831,,usa
p0p50,1832,,usa
p0p50,1833,,usa
p0p50,1834,,usa
p0p50,1835,,usa
p0p50,1836,,usa
p0p50,1837,,usa
p0p50,1838,,usa
p0p50,1839,,usa
p0p50,1840,,usa
p0p50,1841,,usa
p0p50,1842,,usa
p0p50,1843,,usa
p0p50,1844,,usa
p0p50,1845,,usa
p0p50,1846,,usa
p0p50,1847,,usa
p0p50,1848,,usa
p0p50,1849,,usa
p0p50,1850,0.11,usa
p0p50,1851,,usa
p0p50,1852,,usa
p0p50,1853,,usa
p0p50,1854,,usa
p0p50,1855,,usa
p0p50,1856,,usa
p0p50,1857,,usa
p0p50,1858,,usa
p0p50,1859,,usa
p0p50,1860,,usa
p0p50,1861,,usa
p0p50,1862,,usa
p0p50,1863,,usa
p0p50,1864,,usa
p0p50,1865,,usa
p0p50,1866,,usa
p0p50,1867,,usa
p0p50,1868,,usa
p0p50,1869,,usa
p0p50,1870,,usa
p0p50,1871,,usa
p0p50,1872,,usa
p0p50,1873,,usa
p0p50,1874,,usa
p0p50,1875,,usa
p0p50,1876,,usa
p0p50,1877,,usa
p0p50,1878,,usa
p0p50,1879,,usa
p0p50,1880,0.1504,usa
p0p50,1881,,usa
p0p50,1882,,usa
p0p50,1883,,usa
p0p50,1884,,usa
p0p50,1885,,usa
p0p50,1886,,usa
p0p50,1887,,usa
p0p50,1888,,usa
p0p50,1889,,usa
p0p50,1890,,usa
p0p50,1891,,usa
p0p50,1892,,usa
p0p50,1893,,usa
p0p50,1894,,usa
p0p50,1895,,usa
p0p50,1896,,usa
p0p50,1897,,usa
p0p50,1898,,usa
p0p50,1899,,usa
p0p50,1900,0.1453,usa
p0p50,1901,,usa
p0p50,1902,,usa
p0p50,1903,,usa
p0p50,1904,,usa
p0p50,1905,,usa
p0p50,1906,,usa
p0p50,1907,,usa
p0p50,1908,,usa
p0p50,1909,,usa
p0p50,1910,0.151,usa
p0p50,1911,,usa
p0p50,1912,,usa
p0p50,1913,0.151,usa
p0p50,1914,0.1491,usa
p0p50,1915,0.1513,usa
p0p50,1916,0.1473,usa
p0p50,1917,0.1461,usa
p0p50,1918,0.1476,usa
p0p50,1919,0.1437,usa
p0p50,1920,0.1482,usa
p0p50,1921,0.1383,usa
p0p50,1922,0.142,usa
p0p50,1923,0.1488,usa
p0p50,1924,0.1414,usa
p0p50,1925,0.1373,usa
p0p50,1926,0.1356,usa
p0p50,1927,0.1378,usa
p0p50,1928,0.135,usa
p0p50,1929,0.1382,usa
p0p50,1930,0.1389,usa
p0p50,1931,0.1382,usa
p0p50,1932,0.1322,usa
p0p50,1933,0.1329,usa
p0p50,1934,0.1317,usa
p0p50,1935,0.1382,usa
p0p50,1936,0.1388,usa
p0p50,1937,0.1409,usa
p0p50,1938,0.142,usa
p0p50,1939,0.138,usa
p0p50,1940,0.139,usa
p0p50,1941,0.1451,usa
p0p50,1942,0.1768,usa
p0p50,1943,0.1879,usa
p0p50,1944,0.1967,usa
p0p50,1945,0.1582,usa
p0p50,1946,0.1712,usa
p0p50,1947,0.1729,usa
p0p50,1948,0.1739,usa
p0p50,1949,0.171,usa
p0p50,1950,0.1754,usa
p0p50,1951,0.1838,usa
p0p50,1952,0.1896,usa
p0p50,1953,0.1931,usa
p0p50,1954,0.1861,usa
p0p50,1955,0.1877,usa
p0p50,1956,0.1928,usa
p0p50,1957,0.1921,usa
p0p50,1958,0.1842,usa
p0p50,1959,0.1818,usa
p0p50,1960,0.1822,usa
p0p50,1961,0.1772,usa
p0p50,1962,0.1932,usa
p0p50,1963,0.1894,usa
p0p50,1964,0.1858,usa
p0p50,1965,0.1903,usa
p0p50,1966,0.1948,usa
p0p50,1967,0.2073,usa
p0p50,1968,0.2061,usa
p0p50,1969,0.2124,usa
p0p50,1970,0.2112,usa
p0p50,1971,0.2044,usa
p0p50,1972,0.2024,usa
p0p50,1973,0.2043,usa
p0p50,1974,0.21,usa
p0p50,1975,0.2041,usa
p0p50,1976,0.2053,usa
p0p50,1977,0.2027,usa
p0p50,1978,0.2024,usa
p0p50,1979,0.2034,usa
p0p50,1980,0.2008,usa
p0p50,1981,0.1969,usa
p0p50,1982,0.1916,usa
p0p50,1983,0.1832,usa
p0p50,1984,0.1796,usa
p0p50,1985,0.1782,usa
p0p50,1986,0.1761,usa
p0p50,1987,0.1736,usa
p0p50,1988,0.1687,usa
p0p50,1989,0.1698,usa
p0p50,1990,0.1685,usa
p0p50,1991,0.1671,usa
p0p50,1992,0.16,usa
p0p50,1993,0.1611,usa
p0p50,1994,0.1617,usa
p0p50,1995,0.1574,usa
p0p50,1996,0.1547,usa
p0p50,1997,0.1524,usa
p0p50,1998,0.1528,usa
p0p50,1999,0.1514,usa
p0p50,2000,0.1506,usa
p0p50,2001,0.1531,usa
p0p50,2002,0.154,usa
p0p50,2003,0.1509,usa
p0p50,2004,0.1478,usa
p0p50,2005,0.1432,usa
p0p50,2006,0.1408,usa
p0p50,2007,0.1431,usa
p0p50,2008,0.1429,usa
p0p50,2009,0.1425,usa
p0p50,2010,0.1387,usa
p0p50,2011,0.1356,usa
p0p50,2012,0.1315,usa
p0p50,2013,0.1345,usa
p0p50,2014,0.1314,usa
p0p50,2015,0.1321,usa
p0p50,2016,0.1295,usa
p0p50,2017,0.1348,usa
p0p50,2018,0.1334,usa
p0p50,2019,0.1358,usa
p0p50,2020,0.137,usa
p0p50,2021,0.1346,usa
p0p50,2022,0.1334,usa
p0p50,2023,0.1344,usa
p99p100,1820,0.16,usa
p99p100,1821,,usa
p99p100,1822,,usa
p99p100,1823,,usa
p99p100,1824,,usa
p99p100,1825,,usa
p99p100,1826,,usa
p99p100,1827,,usa
p99p100,1828,,usa
p99p100,1829,,usa
p99p100,1830,,usa
p99p100,1831,,usa
p99p100,1832,,usa
p99p100,1833,,usa
p99p100,1834,,usa
p99p100,1835,,usa
p99p100,1836,,usa
p99p100,1837,,usa
p99p100,1838,,usa
p99p100,1839,,usa
p99p100,1840,,usa
p99p100,1841,,usa
p99p100,1842,,usa
p99p100,1843,,usa
p99p100,1844,,usa
p99p100,1845,,usa
p99p100,1846,,usa
p99p100,1847,,usa
p99p100,1848,,usa
p99p100,1849,,usa
p99p100,1850,0.17,usa
p99p100,1851,,usa
p99p100,1852,,usa
p99p100,1853,,usa
p99p100,1854,,usa
p99p100,1855,,usa
p99p100,1856,,usa
p99p100,1857,,usa
p99p100,1858,,usa
p99p100,1859,,usa
p99p100,1860,,usa
p99p100,1861,,usa
p99p100,1862,,usa
p99p100,1863,,usa
p99p100,1864,,usa
p99p100,1865,,usa
p99p100,1866,,usa
p99p100,1867,,usa
p99p100,1868,,usa
p99p100,1869,,usa
p99p100,1870,,usa
p99p100,1871,,usa
p99p100,1872,,usa
p99p100,1873,,usa
p99p100,1874,,usa
p99p100,1875,,usa
p99p100,1876,,usa
p99p100,1877,,usa
p99p100,1878,,usa
p99p100,1879,,usa
p99p100,1880,0.117,usa
p99p100,1881,,usa
p99p100,1882,,usa
p99p100,1883,,usa
p99p100,1884,,usa
p99p100,1885,,usa
p99p100,1886,,usa
p99p100,1887,,usa
p99p100,1888,,usa
p99p100,1889,,usa
p99p100,1890,,usa
p99p100,1891,,usa
p99p100,1892,,usa
p99p100,1893,,usa
p99p100,1894,,usa
p99p100,1895,,usa
p99p100,1896,,usa
p99p100,1897,,usa
p99p100,1898,,usa
p99p100,1899,,usa
p99p100,1900,0.155,usa
p99p100,1901,,usa
p99p100,1902,,usa
p99p100,1903,,usa
p99p100,1904,,usa
p99p100,1905,,usa
p99p100,1906,,usa
p99p100,1907,,usa
p99p100,1908,,usa
p99p100,1909,,usa
p99p100,1910,0.2043,usa
p99p100,1911,,usa
p99p100,1912,,usa
p99p100,1913,0.2043,usa
p99p100,1914,0.2091,usa
p99p100,1915,0.2029,usa
p99p100,1916,0.2136,usa
p99p100,1917,0.2131,usa
p99p100,1918,0.1968,usa
p99p100,1919,0.2164,usa
p99p100,1920,0.1913,usa
p99p100,1921,0.1915,usa
p99p100,1922,0.1858,usa
p99p100,1923,0.177,usa
p99p100,1924,0.1847,usa
p99p100,1925,0.2068,usa
p99p100,1926,0.2194,usa
p99p100,1927,0.2126,usa
p99p100,1928,0.2229,usa
p99p100,1929,0.2218,usa
p99p100,1930,0.194,usa
p99p100,1931,0.1676,usa
p99p100,1932,0.1651,usa
p99p100,1933,0.1751,usa
p99p100,1934,0.1906,usa
p99p100,1935,0.1933,usa
p99p100,1936,0.2094,usa
p99p100,1937,0.2067,usa
p99p100,1938,0.1864,usa
p99p100,1939,0.1957,usa
p99p100,1940,0.2087,usa
p99p100,1941,0.2158,usa
p99p100,1942,0.2059,usa
p99p100,1943,0.1859,usa
p99p100,1944,0.1535,usa
p99p100,1945,0.1425,usa
p99p100,1946,0.1428,usa
p99p100,1947,0.1497,usa
p99p100,1948,0.1631,usa
p99p100,1949,0.1572,usa
p99p100,1950,0.1669,usa
p99p100,1951,0.16,usa
p99p100,1952,0.1497,usa
p99p100,1953,0.1401,usa
p99p100,1954,0.1395,usa
p99p100,1955,0.1461,usa
p99p100,1956,0.1384,usa
p99p100,1957,0.1353,usa
p99p100,1958,0.1268,usa
p99p100,1959,0.1321,usa
p99p100,1960,0.1267,usa
p99p100,1961,0.1253,usa
p99p100,1962,0.1284,usa
p99p100,1963,0.1298,usa
p99p100,1964,0.1311,usa
p99p100,1965,0.1303,usa
p99p100,1966,0.1297,usa
p99p100,1967,0.1237,usa
p99p100,1968,0.1261,usa
p99p100,1969,0.116,usa
p99p100,1970,0.107,usa
p99p100,1971,0.1105,usa
p99p100,1972,0.1108,usa
p99p100,1973,0.1088,usa
p99p100,1974,0.1037,usa
p99p100,1975,0.1043,usa
p99p100,1976,0.1036,usa
p99p100,1977,0.1058,usa
p99p100,1978,0.1035,usa
p99p100,1979,0.1086,usa
p99p100,1980,0.1042,usa
p99p100,1981,0.1067,usa
p99p100,1982,0.1099,usa
p99p100,1983,0.115,usa
p99p100,1984,0.1215,usa
p99p100,1985,0.1227,usa
p99p100,1986,0.1198,usa
p99p100,1987,0.1324,usa
p99p100,1988,0.1521,usa
p99p100,1989,0.1469,usa
p99p100,1990,0.1471,usa
p99p100,1991,0.1365,usa
p99p100,1992,0.1468,usa
p99p100,1993,0.1415,usa
p99p100,1994,0.1402,usa
p99p100,1995,0.1452,usa
p99p100,1996,0.1525,usa
p99p100,1997,0.16,usa
p99p100,1998,0.1632,usa
p99p100,1999,0.1676,usa
p99p100,2000,0.1734,usa
p99p100,2001,0.1659,usa
p99p100,2002,0.161,usa
p99p100,2003,0.1632,usa
p99p100,2004,0.1706,usa
p99p100,2005,0.1806,usa
p99p100,2006,0.1852,usa
p99p100,2007,0.1838,usa
p99p100,2008,0.1793,usa
p99p100,2009,0.167,usa
p99p100,2010,0.1789,usa
p99p100,2011,0.1808,usa
p99p100,2012,0.1949,usa
p99p100,2013,0.1846,usa
p99p100,2014,0.1897,usa
p99p100,2015,0.1889,usa
p99p100,2016,0.1866,usa
p99p100,2017,0.1905,usa
p99p100,2018,0.1924,usa
p99p100,2019,0.1904,usa
p99p100,2020,0.1817,usa
p99p100,2021,0.1988,usa
p99p100,2022,0.2073,usa
p99p100,2023,0.2073,usa
